L,cov1,cov2
0,[3.79243322e-07 3.46295322e-14],[3.46295322e-14 5.66765374e-15]
1,[ 4.05233380e-07 -7.28469264e-15],[-7.28469264e-15  6.21103071e-15]
2,[3.79106174e-07 3.62892915e-14],[3.62892915e-14 5.61275536e-15]
3,[3.90098019e-07 2.91370111e-14],[2.91370111e-14 6.07406914e-15]
4,[ 3.86829982e-07 -1.43595129e-14],[-1.43595129e-14  5.60075902e-15]
5,[ 4.02744829e-07 -1.61973325e-14],[-1.61973325e-14  5.56547839e-15]
6,[ 4.22658469e-07 -2.51186624e-14],[-2.51186624e-14  6.39805963e-15]
7,[ 4.41867335e-07 -2.21964370e-14],[-2.2196437e-14  6.3156642e-15]
8,[ 4.27755815e-07 -1.95357835e-14],[-1.95357835e-14  5.89053864e-15]
9,[ 4.45099859e-07 -1.23436072e-14],[-1.23436072e-14  5.99607703e-15]
10,[ 3.88221307e-07 -5.32211384e-14],[-5.32211384e-14  5.54229463e-15]
11,[4.23173041e-07 6.05270330e-15],[6.05270330e-15 6.25006098e-15]
12,[ 4.12892368e-07 -2.64399179e-14],[-2.64399179e-14  6.41728067e-15]
13,[3.93090753e-07 7.81843704e-15],[7.81843704e-15 5.71949000e-15]
14,[ 4.12425048e-07 -2.93446752e-15],[-2.93446752e-15  4.94588432e-15]
15,[3.88809545e-07 1.68564303e-14],[1.68564303e-14 5.26005171e-15]
16,[3.78595017e-07 3.30503816e-14],[3.30503816e-14 4.81972564e-15]
17,[ 3.81297040e-07 -1.28000522e-14],[-1.28000522e-14  4.87451111e-15]
18,[3.46560006e-07 1.47305720e-14],[1.47305720e-14 4.54303772e-15]
19,[ 3.76124397e-07 -1.91557941e-15],[-1.91557941e-15  4.90941457e-15]
20,[ 3.83905571e-07 -9.35191028e-15],[-9.35191028e-15  5.29591045e-15]
21,[4.29410853e-07 6.62331187e-14],[6.62331187e-14 6.16502759e-15]
22,[ 3.93353157e-07 -2.94806211e-14],[-2.94806211e-14  5.63008069e-15]
23,[3.78989105e-07 1.08006389e-14],[1.08006389e-14 5.16784219e-15]
24,[ 3.60323309e-07 -1.25077014e-14],[-1.25077014e-14  4.79765770e-15]
25,[3.56061612e-07 2.84146897e-15],[2.84146897e-15 4.78050455e-15]
26,[ 3.8570243e-07 -4.2217667e-14],[-4.22176670e-14  5.05750308e-15]
27,[3.79329895e-07 5.24312944e-14],[5.24312944e-14 5.16155894e-15]
28,[3.67650132e-07 1.00569425e-14],[1.00569425e-14 4.73156782e-15]
29,[3.63358134e-07 3.12482964e-14],[3.12482964e-14 4.78341450e-15]
30,[3.22048321e-07 1.18108183e-15],[1.18108183e-15 4.35245332e-15]
31,[ 3.34983414e-07 -1.49287295e-14],[-1.49287295e-14  3.88881926e-15]
32,[ 3.54687633e-07 -7.82126286e-15],[-7.82126286e-15  5.13454351e-15]
33,[3.53015486e-07 2.83128307e-14],[2.83128307e-14 4.40011999e-15]
34,[3.70369526e-07 1.07640479e-15],[1.07640479e-15 5.14470485e-15]
35,[3.31569055e-07 1.43701213e-14],[1.43701213e-14 4.39952407e-15]
36,[ 3.50732446e-07 -1.14228865e-14],[-1.14228865e-14  5.03376806e-15]
37,[3.48100053e-07 2.09905014e-14],[2.09905014e-14 4.14262418e-15]
38,[3.11338164e-07 9.96838037e-15],[9.96838037e-15 3.99193282e-15]
39,[3.80120265e-07 8.55907003e-15],[8.55907003e-15 4.86182464e-15]
40,[3.34744772e-07 2.01814246e-14],[2.01814246e-14 3.66630326e-15]
41,[3.45497635e-07 9.21883756e-15],[9.21883756e-15 4.45238540e-15]
42,[3.60503913e-07 1.06951169e-14],[1.06951169e-14 4.42953294e-15]
43,[3.22847271e-07 3.04766936e-14],[3.04766936e-14 4.01768207e-15]
44,[3.57166249e-07 2.96687423e-14],[2.96687423e-14 4.23685346e-15]
45,[3.10983073e-07 9.88660679e-15],[9.88660679e-15 3.74566532e-15]
46,[ 3.27999775e-07 -6.58930493e-16],[-6.58930493e-16  3.72739931e-15]
47,[3.27156711e-07 7.25836648e-15],[7.25836648e-15 4.08522776e-15]
48,[3.34794132e-07 1.78958558e-14],[1.78958558e-14 3.78079164e-15]
49,[3.68208441e-07 8.62171496e-15],[8.62171496e-15 4.53056123e-15]
50,[3.26214819e-07 1.36670854e-14],[1.36670854e-14 3.64518088e-15]
51,[3.27873937e-07 1.26113218e-14],[1.26113218e-14 3.65754636e-15]
52,[3.39931421e-07 2.57482968e-15],[2.57482968e-15 3.74341503e-15]
53,[ 2.96103839e-07 -1.48026854e-14],[-1.48026854e-14  3.44784527e-15]
54,[3.08148448e-07 2.12857606e-15],[2.12857606e-15 3.56059400e-15]
55,[ 3.01352409e-07 -2.35149755e-14],[-2.35149755e-14  3.25732438e-15]
56,[ 3.41567846e-07 -5.16597808e-15],[-5.16597808e-15  3.78452327e-15]
57,[ 3.45049781e-07 -6.69654797e-15],[-6.69654797e-15  4.09333682e-15]
58,[3.13175492e-07 3.75418933e-15],[3.75418933e-15 3.50379525e-15]
59,[ 3.37769802e-07 -2.08175173e-14],[-2.08175173e-14  3.60333664e-15]
60,[ 2.98346845e-07 -1.44724668e-14],[-1.44724668e-14  3.68847295e-15]
61,[3.37402375e-07 9.71940669e-15],[9.71940669e-15 4.13606445e-15]
62,[3.37688620e-07 1.37880853e-14],[1.37880853e-14 4.30037887e-15]
63,[3.16499655e-07 4.27678696e-14],[4.27678696e-14 4.12922095e-15]
64,[ 3.25559172e-07 -1.07697293e-14],[-1.07697293e-14  3.62913715e-15]
65,[ 3.01441868e-07 -1.98568675e-14],[-1.98568675e-14  3.48727992e-15]
66,[ 2.85038086e-07 -8.15562880e-15],[-8.15562880e-15  3.06860498e-15]
67,[ 2.71687237e-07 -6.67578583e-15],[-6.67578583e-15  3.10253978e-15]
68,[ 2.89656703e-07 -5.93499602e-15],[-5.93499602e-15  3.06209329e-15]
69,[2.85957344e-07 3.22821633e-15],[3.22821633e-15 3.19694184e-15]
70,[2.88732658e-07 7.91025613e-15],[7.91025613e-15 2.95014229e-15]
71,[ 2.73475074e-07 -1.48160017e-15],[-1.48160017e-15  2.80025588e-15]
72,[ 2.91652672e-07 -9.32679782e-15],[-9.32679782e-15  3.13314681e-15]
73,[2.63527866e-07 1.22173072e-14],[1.22173072e-14 2.74524817e-15]
74,[2.79189655e-07 1.78345817e-14],[1.78345817e-14 3.03804869e-15]
75,[ 2.75157844e-07 -4.78144402e-15],[-4.78144402e-15  2.84577095e-15]
76,[2.76057810e-07 3.26967571e-14],[3.26967571e-14 3.12753530e-15]
77,[ 2.91572456e-07 -2.07234150e-14],[-2.07234150e-14  3.27463378e-15]
78,[2.90251383e-07 2.96209886e-14],[2.96209886e-14 2.88628699e-15]
79,[2.65625893e-07 2.68224000e-15],[2.68224000e-15 2.65369699e-15]
80,[ 2.85147989e-07 -1.23152366e-14],[-1.23152366e-14  2.74261587e-15]
81,[2.81625919e-07 1.83581528e-14],[1.83581528e-14 3.06548797e-15]
82,[ 2.67295107e-07 -1.01174855e-14],[-1.01174855e-14  2.61513792e-15]
83,[2.68767280e-07 2.24918127e-14],[2.24918127e-14 2.85894057e-15]
84,[2.78748195e-07 2.74497051e-15],[2.74497051e-15 2.95561531e-15]
85,[2.78079937e-07 2.64602225e-15],[2.64602225e-15 2.90099172e-15]
86,[2.66950535e-07 1.72540215e-14],[1.72540215e-14 2.81384700e-15]
87,[2.89283018e-07 1.95622818e-14],[1.95622818e-14 2.92313261e-15]
88,[2.76640501e-07 2.29007900e-14],[2.29007900e-14 2.64869463e-15]
89,[3.01456561e-07 2.91357496e-14],[2.91357496e-14 3.13333386e-15]
90,[2.90036410e-07 1.82921388e-14],[1.82921388e-14 2.92750755e-15]
91,[2.78613159e-07 2.13008144e-14],[2.13008144e-14 2.78255200e-15]
92,[2.98423718e-07 1.32698915e-14],[1.32698915e-14 3.29225025e-15]
93,[ 2.98573183e-07 -1.44644034e-15],[-1.44644034e-15  2.90503637e-15]
94,[2.80170118e-07 2.39170316e-14],[2.39170316e-14 3.02580728e-15]
95,[2.78951467e-07 5.11907784e-17],[5.11907784e-17 2.78437678e-15]
96,[2.75394004e-07 1.15398222e-14],[1.15398222e-14 2.86967651e-15]
97,[2.67444075e-07 5.92947568e-15],[5.92947568e-15 2.47823952e-15]
98,[ 2.51262161e-07 -3.24803487e-15],[-3.24803487e-15  2.43343524e-15]
99,[2.68836050e-07 7.33008254e-15],[7.33008254e-15 2.58482682e-15]
100,[2.50052851e-07 9.27479549e-17],[9.27479549e-17 2.31350051e-15]
101,[ 2.38705005e-07 -2.11937150e-15],[-2.11937150e-15  2.05167788e-15]
102,[ 2.76710526e-07 -3.64390317e-15],[-3.64390317e-15  2.57842528e-15]
103,[ 2.44981413e-07 -1.36829085e-14],[-1.36829085e-14  2.35427354e-15]
104,[2.41965124e-07 1.04453227e-14],[1.04453227e-14 2.26185040e-15]
105,[2.39144791e-07 5.75536251e-15],[5.75536251e-15 2.07849204e-15]
106,[2.40024996e-07 1.43469925e-15],[1.43469925e-15 2.36681428e-15]
107,[ 2.24278263e-07 -3.97261811e-15],[-3.97261811e-15  2.09803523e-15]
108,[ 2.45992180e-07 -5.57710663e-15],[-5.57710663e-15  2.26558751e-15]
109,[2.47819526e-07 9.07392589e-15],[9.07392589e-15 2.08941271e-15]
110,[2.39282319e-07 2.53416674e-15],[2.53416674e-15 2.41066142e-15]
111,[2.44283130e-07 9.37660786e-15],[9.37660786e-15 2.23658032e-15]
112,[2.23243736e-07 1.62085225e-14],[1.62085225e-14 2.19120924e-15]
113,[ 2.20329313e-07 -1.18671313e-15],[-1.18671313e-15  2.33381976e-15]
114,[2.24758040e-07 6.52329939e-16],[6.52329939e-16 2.14897501e-15]
115,[ 2.15381246e-07 -2.50924929e-15],[-2.50924929e-15  1.97416453e-15]
116,[2.22085354e-07 1.60855894e-14],[1.60855894e-14 2.14747641e-15]
117,[ 2.28029832e-07 -7.88021883e-15],[-7.88021883e-15  1.95026166e-15]
118,[2.19180691e-07 8.97564344e-15],[8.97564344e-15 1.97821481e-15]
119,[2.49704551e-07 1.86179574e-14],[1.86179574e-14 2.27134612e-15]
120,[2.49154699e-07 1.28179035e-14],[1.28179035e-14 2.17617905e-15]
121,[2.39653096e-07 1.20471796e-14],[1.20471796e-14 2.17306701e-15]
122,[2.26196666e-07 2.33525550e-14],[2.33525550e-14 2.17138582e-15]
123,[2.24708606e-07 3.91544083e-15],[3.91544083e-15 2.26336077e-15]
124,[2.11496200e-07 4.89106818e-16],[4.89106818e-16 1.99248533e-15]
125,[ 2.42585956e-07 -4.72234430e-15],[-4.72234430e-15  2.29525666e-15]
126,[2.34540732e-07 1.68404255e-14],[1.68404255e-14 2.13378287e-15]
127,[ 2.41625180e-07 -1.72260934e-14],[-1.72260934e-14  2.38138951e-15]
128,[2.39508690e-07 1.32610236e-14],[1.32610236e-14 2.14899272e-15]
129,[2.31118102e-07 4.68185292e-15],[4.68185292e-15 1.97573081e-15]
130,[ 2.40392026e-07 -1.54624151e-14],[-1.54624151e-14  1.92289477e-15]
131,[ 2.49467779e-07 -1.26120142e-15],[-1.26120142e-15  2.20334542e-15]
132,[ 2.26806051e-07 -7.65377085e-15],[-7.65377085e-15  1.88742056e-15]
133,[2.33555932e-07 6.37624714e-16],[6.37624714e-16 2.08856984e-15]
134,[2.37717844e-07 1.02382428e-16],[1.02382428e-16 1.76447924e-15]
135,[2.41604721e-07 3.94464316e-15],[3.94464316e-15 2.02696300e-15]
136,[ 2.23969436e-07 -2.74545723e-15],[-2.74545723e-15  1.87954620e-15]
137,[2.23923958e-07 1.07322331e-14],[1.07322331e-14 2.01151527e-15]
138,[2.27608383e-07 1.24887997e-14],[1.24887997e-14 1.87606395e-15]
139,[ 2.04832555e-07 -1.19540773e-15],[-1.19540773e-15  1.89627266e-15]
140,[2.24239463e-07 1.17179766e-14],[1.17179766e-14 1.89998247e-15]
141,[2.32621672e-07 5.02853252e-15],[5.02853252e-15 1.86165795e-15]
142,[2.31524842e-07 7.91327387e-15],[7.91327387e-15 1.92732744e-15]
143,[2.28694171e-07 1.91835663e-14],[1.91835663e-14 1.83300501e-15]
144,[1.95396360e-07 1.05675588e-15],[1.05675588e-15 1.54456538e-15]
145,[2.06382502e-07 4.83913117e-15],[4.83913117e-15 1.79341192e-15]
146,[1.94508210e-07 4.48791098e-15],[4.48791098e-15 1.66875373e-15]
147,[2.22713766e-07 1.93386626e-14],[1.93386626e-14 1.99018170e-15]
148,[ 2.19939169e-07 -2.93927863e-15],[-2.93927863e-15  1.78270817e-15]
149,[ 2.22702854e-07 -3.67884477e-15],[-3.67884477e-15  2.23916230e-15]
150,[2.14076941e-07 1.21583810e-14],[1.21583810e-14 1.75728846e-15]
151,[2.18720247e-07 5.59832419e-15],[5.59832419e-15 1.91106809e-15]
152,[2.39195473e-07 1.59328839e-14],[1.59328839e-14 2.06272061e-15]
153,[2.15647588e-07 4.78108711e-15],[4.78108711e-15 1.90817302e-15]
154,[2.26050127e-07 1.66672336e-14],[1.66672336e-14 1.86968282e-15]
155,[2.35937368e-07 1.02112674e-14],[1.02112674e-14 2.00445467e-15]
156,[2.28051602e-07 5.94240111e-15],[5.94240111e-15 1.89938074e-15]
157,[2.24305048e-07 1.15378716e-14],[1.15378716e-14 1.68653643e-15]
158,[ 2.05164275e-07 -4.70496000e-15],[-4.70496000e-15  1.66791076e-15]
159,[1.91125339e-07 8.98375535e-15],[8.98375535e-15 1.48284885e-15]
160,[1.92527455e-07 6.60288678e-15],[6.60288678e-15 1.55284595e-15]
161,[1.95087491e-07 2.11347729e-15],[2.11347729e-15 1.66596884e-15]
162,[1.97023178e-07 7.87257653e-15],[7.87257653e-15 1.56259889e-15]
163,[2.23661629e-07 7.87253551e-15],[7.87253551e-15 1.70124941e-15]
164,[2.17639140e-07 2.03174905e-14],[2.03174905e-14 1.72031434e-15]
165,[1.99393283e-07 1.51757871e-14],[1.51757871e-14 1.51867092e-15]
166,[2.20551338e-07 1.61394316e-14],[1.61394316e-14 1.84663197e-15]
167,[2.10171175e-07 6.15191300e-15],[6.1519130e-15 1.4882215e-15]
168,[ 2.01759703e-07 -2.75943846e-15],[-2.75943846e-15  1.58678838e-15]
169,[1.94138166e-07 1.75121385e-15],[1.75121385e-15 1.36018826e-15]
170,[ 2.14108341e-07 -9.13970705e-15],[-9.13970705e-15  1.74841118e-15]
171,[ 2.02376837e-07 -2.92233709e-15],[-2.92233709e-15  1.43866858e-15]
172,[2.00235737e-07 1.52884945e-14],[1.52884945e-14 1.60118611e-15]
173,[1.88262776e-07 2.73629302e-15],[2.73629302e-15 1.38381485e-15]
174,[ 2.06424606e-07 -6.28229092e-15],[-6.28229092e-15  1.54615294e-15]
175,[1.88447515e-07 3.05155219e-16],[3.05155219e-16 1.43078374e-15]
176,[ 1.90099075e-07 -2.20793045e-15],[-2.20793045e-15  1.37497704e-15]
177,[2.05063084e-07 2.28490915e-15],[2.28490915e-15 1.39310369e-15]
178,[ 1.94797769e-07 -2.26039252e-15],[-2.26039252e-15  1.46271786e-15]
179,[ 1.84897771e-07 -1.32509766e-15],[-1.32509766e-15  1.40171199e-15]
180,[ 1.93624870e-07 -4.03492802e-15],[-4.03492802e-15  1.39864001e-15]
181,[ 1.88626150e-07 -3.97133524e-17],[-3.97133524e-17  1.37576408e-15]
182,[ 1.87360045e-07 -7.49412854e-17],[-7.49412854e-17  1.41709996e-15]
183,[ 2.01172871e-07 -1.05854359e-15],[-1.05854359e-15  1.60095761e-15]
184,[ 1.92359731e-07 -1.31303059e-14],[-1.31303059e-14  1.39430058e-15]
185,[1.82698417e-07 9.12847697e-15],[9.12847697e-15 1.38242913e-15]
186,[1.74582607e-07 5.42978177e-15],[5.42978177e-15 1.14957182e-15]
187,[1.9127102e-07 7.1379213e-15],[7.13792130e-15 1.42607444e-15]
188,[1.97900524e-07 4.65117263e-15],[4.65117263e-15 1.33849388e-15]
189,[2.01158027e-07 1.05885553e-14],[1.05885553e-14 1.45509686e-15]
190,[2.15873096e-07 6.16260243e-15],[6.16260243e-15 1.60718151e-15]
191,[1.98756430e-07 4.47096061e-16],[4.47096061e-16 1.45927546e-15]
192,[ 1.89542427e-07 -8.45757512e-15],[-8.45757512e-15  1.28551899e-15]
193,[1.85127235e-07 1.09214102e-14],[1.09214102e-14 1.34431039e-15]
194,[2.01590806e-07 6.75310657e-16],[6.75310657e-16 1.41704742e-15]
195,[1.87333343e-07 8.43327980e-15],[8.43327980e-15 1.31105981e-15]
196,[2.14772557e-07 3.84668152e-15],[3.84668152e-15 1.47579415e-15]
197,[1.97424995e-07 7.47237934e-15],[7.47237934e-15 1.31024306e-15]
198,[1.84051507e-07 1.00708353e-14],[1.00708353e-14 1.31348984e-15]
199,[1.83196101e-07 1.51877709e-14],[1.51877709e-14 1.43612785e-15]
200,[1.88002924e-07 1.16657590e-14],[1.16657590e-14 1.32505711e-15]
201,[ 1.86859188e-07 -7.77373087e-17],[-7.77373087e-17  1.28144406e-15]
202,[1.80217673e-07 8.62991233e-15],[8.62991233e-15 1.27419639e-15]
203,[1.66166398e-07 2.09197309e-15],[2.09197309e-15 1.23761974e-15]
204,[ 1.80588504e-07 -3.41434413e-15],[-3.41434413e-15  1.31935113e-15]
205,[1.68046091e-07 9.46490219e-15],[9.46490219e-15 1.12360409e-15]
206,[1.78847092e-07 2.38842453e-15],[2.38842453e-15 1.28593257e-15]
207,[ 1.74605723e-07 -3.93503538e-15],[-3.93503538e-15  1.17907418e-15]
208,[1.79676143e-07 4.29482647e-15],[4.29482647e-15 1.19745769e-15]
209,[1.65269302e-07 8.89346032e-15],[8.89346032e-15 1.17004389e-15]
210,[1.72472642e-07 8.33409383e-15],[8.33409383e-15 1.14338549e-15]
211,[1.65358676e-07 8.25273570e-15],[8.25273570e-15 1.09380879e-15]
212,[1.63822554e-07 5.76605251e-15],[5.76605251e-15 1.08162617e-15]
213,[1.59578627e-07 8.32117662e-15],[8.32117662e-15 9.82963043e-16]
214,[1.7742209e-07 9.9418175e-15],[9.94181750e-15 1.20787894e-15]
215,[ 1.79013568e-07 -2.91886675e-15],[-2.91886675e-15  1.13431206e-15]
216,[ 1.60517575e-07 -1.84011248e-15],[-1.84011248e-15  1.04232190e-15]
217,[1.79545549e-07 2.23956378e-15],[2.23956378e-15 1.17299139e-15]
218,[1.61431477e-07 4.04375462e-15],[4.04375462e-15 1.02168639e-15]
219,[1.62602041e-07 2.64526510e-15],[2.64526510e-15 1.11253031e-15]
220,[ 1.68850223e-07 -1.40920723e-15],[-1.40920723e-15  1.15137597e-15]
221,[1.77597524e-07 3.78744776e-15],[3.78744776e-15 1.22395133e-15]
222,[1.67509340e-07 1.32526434e-15],[1.32526434e-15 1.17043026e-15]
223,[ 1.62013028e-07 -4.46840744e-15],[-4.46840744e-15  1.11299830e-15]
224,[ 1.82679782e-07 -3.31594968e-16],[-3.31594968e-16  1.32668737e-15]
225,[ 1.60341383e-07 -4.90066281e-17],[-4.90066281e-17  1.08341505e-15]
226,[1.78010912e-07 5.70099588e-15],[5.70099588e-15 1.22288641e-15]
227,[1.77253424e-07 8.20136761e-15],[8.20136761e-15 1.17142541e-15]
228,[ 1.87236189e-07 -2.09124440e-15],[-2.09124440e-15  1.23934922e-15]
229,[1.86997682e-07 8.75175089e-16],[8.75175089e-16 1.17755617e-15]
230,[1.76861956e-07 7.66560543e-16],[7.66560543e-16 1.14557385e-15]
231,[1.70990989e-07 9.00049626e-16],[9.00049626e-16 1.12160905e-15]
232,[1.75343042e-07 6.75772169e-15],[6.75772169e-15 1.07627221e-15]
233,[1.55652348e-07 4.32440757e-15],[4.32440757e-15 9.88868428e-16]
234,[ 1.71176281e-07 -7.03560856e-15],[-7.03560856e-15  1.07396632e-15]
235,[1.58156276e-07 6.93006613e-15],[6.93006613e-15 1.02592107e-15]
236,[1.52361259e-07 1.71378152e-15],[1.71378152e-15 9.72317166e-16]
237,[1.68863988e-07 1.19610490e-14],[1.19610490e-14 1.04419543e-15]
238,[ 1.66729760e-07 -6.58855635e-16],[-6.58855635e-16  1.06567429e-15]
239,[1.59929476e-07 1.92830017e-15],[1.92830017e-15 9.04124790e-16]
240,[1.60158818e-07 6.66746111e-15],[6.66746111e-15 9.49267390e-16]
241,[ 1.58286979e-07 -2.66473805e-15],[-2.66473805e-15  1.05179399e-15]
242,[1.51160992e-07 3.11673013e-15],[3.11673013e-15 8.94999953e-16]
243,[ 1.53636777e-07 -3.10957863e-15],[-3.10957863e-15  9.58502720e-16]
244,[ 1.61790013e-07 -1.71587844e-15],[-1.71587844e-15  9.72124637e-16]
245,[1.56153643e-07 4.20047366e-15],[4.20047366e-15 9.89514720e-16]
246,[1.54760978e-07 3.11737092e-15],[3.11737092e-15 9.30745867e-16]
247,[ 1.51609724e-07 -3.96843036e-15],[-3.96843036e-15  9.79430628e-16]
248,[ 1.67615144e-07 -4.39319662e-15],[-4.39319662e-15  9.94675744e-16]
249,[ 1.61251707e-07 -3.92660891e-16],[-3.92660891e-16  9.51483757e-16]
250,[ 1.59878268e-07 -4.24126907e-15],[-4.24126907e-15  9.46956066e-16]
251,[ 1.63727008e-07 -2.52726792e-15],[-2.52726792e-15  9.28424328e-16]
252,[1.62613194e-07 1.41786815e-15],[1.41786815e-15 9.62362246e-16]
253,[1.63092738e-07 5.27976059e-15],[5.27976059e-15 9.22890533e-16]
254,[1.69092848e-07 1.26742957e-15],[1.26742957e-15 9.96443071e-16]
255,[1.41719091e-07 1.40219630e-15],[1.40219630e-15 7.93599041e-16]
256,[ 1.58796100e-07 -4.30713552e-15],[-4.30713552e-15  8.83262155e-16]
257,[ 1.47484556e-07 -1.42306535e-15],[-1.42306535e-15  7.73641203e-16]
258,[ 1.43903568e-07 -3.36267502e-16],[-3.36267502e-16  8.62833327e-16]
259,[ 1.59523821e-07 -8.79808645e-15],[-8.79808645e-15  9.42439474e-16]
260,[1.54447536e-07 2.83997237e-15],[2.83997237e-15 8.13203903e-16]
261,[1.55215635e-07 2.26847176e-15],[2.26847176e-15 8.29740190e-16]
262,[1.52592146e-07 2.00621477e-15],[2.00621477e-15 8.50638644e-16]
263,[1.58723767e-07 9.69782655e-16],[9.69782655e-16 8.49502856e-16]
264,[1.62810564e-07 1.21463589e-15],[1.21463589e-15 9.85305199e-16]
265,[1.50435288e-07 2.27760017e-15],[2.27760017e-15 7.91783662e-16]
266,[ 1.49242928e-07 -4.22735729e-15],[-4.22735729e-15  8.69120237e-16]
267,[1.48119578e-07 1.96152646e-15],[1.96152646e-15 8.07348393e-16]
268,[ 1.44979620e-07 -2.23234952e-15],[-2.23234952e-15  8.16735921e-16]
269,[ 1.51659610e-07 -6.56339749e-16],[-6.56339749e-16  7.60877892e-16]
270,[1.58112507e-07 4.10762820e-15],[4.10762820e-15 9.61543509e-16]
271,[ 1.55579521e-07 -5.08838755e-15],[-5.08838755e-15  8.52973184e-16]
272,[1.71253222e-07 9.87565358e-16],[9.87565358e-16 9.20924535e-16]
273,[1.52525951e-07 5.54846603e-15],[5.54846603e-15 8.54582943e-16]
274,[ 1.53418739e-07 -5.04098302e-15],[-5.04098302e-15  8.27219646e-16]
275,[1.51770376e-07 3.53815903e-15],[3.53815903e-15 8.08075183e-16]
276,[1.43787866e-07 1.39170443e-15],[1.39170443e-15 7.68274874e-16]
277,[1.49968307e-07 1.92565067e-15],[1.92565067e-15 8.41883373e-16]
278,[1.39820139e-07 5.96489403e-15],[5.96489403e-15 7.39154676e-16]
279,[ 1.44795000e-07 -9.82064672e-16],[-9.82064672e-16  8.77247382e-16]
280,[1.48797782e-07 7.45157866e-16],[7.45157866e-16 7.68348749e-16]
281,[1.64037535e-07 8.28808063e-17],[8.28808063e-17 8.98918124e-16]
282,[1.59693818e-07 6.34836500e-15],[6.34836500e-15 8.17012546e-16]
283,[1.66526733e-07 2.54962504e-15],[2.54962504e-15 9.04546230e-16]
284,[ 1.51635514e-07 -1.93946683e-15],[-1.93946683e-15  8.33205451e-16]
285,[1.58589876e-07 9.24676562e-15],[9.24676562e-15 7.80654457e-16]
286,[1.32258235e-07 2.71962274e-16],[2.71962274e-16 7.14272130e-16]
287,[1.31376738e-07 2.88182006e-15],[2.88182006e-15 6.67830397e-16]
288,[1.39095572e-07 1.21808483e-15],[1.21808483e-15 6.62319324e-16]
289,[ 1.40008063e-07 -1.49831089e-15],[-1.49831089e-15  7.59576217e-16]
290,[1.41566663e-07 4.30352300e-15],[4.30352300e-15 7.07908151e-16]
291,[ 1.49247313e-07 -4.31479303e-17],[-4.31479303e-17  8.64929973e-16]
292,[1.44950650e-07 6.26321833e-15],[6.26321833e-15 7.63890823e-16]
293,[ 1.45833798e-07 -3.41168933e-15],[-3.41168933e-15  8.02877297e-16]
294,[1.39932370e-07 2.80097862e-15],[2.80097862e-15 7.54719199e-16]
295,[1.46043175e-07 8.20719149e-16],[8.20719149e-16 7.70660330e-16]
296,[1.35242354e-07 3.34983983e-15],[3.34983983e-15 7.03658204e-16]
297,[ 1.36565629e-07 -1.59832944e-15],[-1.59832944e-15  7.01391799e-16]
298,[ 1.37360316e-07 -5.40039168e-15],[-5.40039168e-15  7.47816859e-16]
299,[1.32514386e-07 2.96414963e-15],[2.96414963e-15 6.55494607e-16]
300,[1.39446707e-07 1.29915984e-15],[1.29915984e-15 7.72194194e-16]
301,[1.37965925e-07 4.34398256e-15],[4.34398256e-15 6.33290378e-16]
302,[1.42428553e-07 1.82634255e-15],[1.82634255e-15 7.59845479e-16]
303,[1.39587255e-07 9.86920873e-15],[9.86920873e-15 7.05285828e-16]
304,[1.36647833e-07 7.90854656e-15],[7.90854656e-15 7.31101730e-16]
305,[1.41380657e-07 9.36736737e-16],[9.36736737e-16 7.01839453e-16]
306,[ 1.38367487e-07 -7.45139984e-16],[-7.45139984e-16  7.07520225e-16]
307,[1.32560879e-07 4.10265391e-16],[4.10265391e-16 6.25653158e-16]
308,[ 1.42779245e-07 -5.48986018e-15],[-5.48986018e-15  7.12645073e-16]
309,[1.42893047e-07 5.90159926e-15],[5.90159926e-15 6.95837389e-16]
310,[ 1.37928825e-07 -7.34084632e-16],[-7.34084632e-16  7.37373417e-16]
311,[ 1.40140462e-07 -1.44258196e-15],[-1.44258196e-15  7.03151929e-16]
312,[1.43447475e-07 3.79984488e-16],[3.79984488e-16 7.08214285e-16]
313,[1.45481310e-07 2.44893274e-15],[2.44893274e-15 7.10251527e-16]
314,[ 1.29775066e-07 -1.90426055e-15],[-1.90426055e-15  6.47216285e-16]
315,[ 1.50168319e-07 -5.55092450e-16],[-5.55092450e-16  7.46209731e-16]
316,[1.39195031e-07 2.03723056e-15],[2.03723056e-15 6.45575972e-16]
317,[ 1.33837002e-07 -2.39516980e-16],[-2.39516980e-16  6.43744832e-16]
318,[1.50247105e-07 4.51175926e-15],[4.51175926e-15 7.21195539e-16]
319,[1.40739553e-07 2.70634738e-16],[2.70634738e-16 6.95998083e-16]
320,[1.37833892e-07 4.69782691e-15],[4.69782691e-15 6.20403361e-16]
321,[1.36856997e-07 2.33361519e-15],[2.33361519e-15 6.63664302e-16]
322,[1.35061216e-07 1.60968310e-15],[1.60968310e-15 6.14900166e-16]
323,[1.30269650e-07 4.32521918e-15],[4.32521918e-15 6.38569059e-16]
324,[ 1.27442726e-07 -3.33527030e-15],[-3.33527030e-15  6.10711936e-16]
325,[ 1.29087489e-07 -2.17592611e-15],[-2.17592611e-15  5.67669433e-16]
326,[1.22081144e-07 1.38495894e-15],[1.38495894e-15 6.04298831e-16]
327,[1.28576930e-07 4.78967018e-17],[4.78967018e-17 5.78243145e-16]
328,[ 1.20818381e-07 -9.51787407e-16],[-9.51787407e-16  5.67348320e-16]
329,[ 1.25531971e-07 -1.69237418e-15],[-1.69237418e-15  6.31420104e-16]
330,[ 1.24401527e-07 -2.07289888e-15],[-2.07289888e-15  5.85368778e-16]
331,[1.30787696e-07 3.60738014e-16],[3.60738014e-16 6.24312406e-16]
332,[ 1.25321215e-07 -7.55943475e-16],[-7.55943475e-16  5.91640822e-16]
333,[1.33693075e-07 4.70682968e-15],[4.70682968e-15 6.47346330e-16]
334,[1.29128844e-07 7.89749853e-16],[7.89749853e-16 6.15122991e-16]
335,[1.30517405e-07 2.78304405e-15],[2.78304405e-15 6.00632548e-16]
336,[1.28737106e-07 1.06821593e-15],[1.06821593e-15 6.18685182e-16]
337,[1.28059604e-07 3.01608126e-15],[3.01608126e-15 6.22444706e-16]
338,[1.26198709e-07 4.22389656e-15],[4.22389656e-15 5.85858660e-16]
339,[1.24356725e-07 1.52587513e-15],[1.52587513e-15 6.05530862e-16]
340,[1.35270877e-07 1.04071590e-15],[1.04071590e-15 6.22213299e-16]
341,[ 1.24887621e-07 -4.39623855e-16],[-4.39623855e-16  5.63785288e-16]
342,[ 1.26007900e-07 -2.01667329e-15],[-2.01667329e-15  6.14694605e-16]
343,[1.25892758e-07 2.36264364e-15],[2.36264364e-15 6.22253602e-16]
344,[1.25239586e-07 2.05613717e-15],[2.05613717e-15 5.56381497e-16]
345,[1.28872476e-07 8.62354477e-16],[8.62354477e-16 6.33923956e-16]
346,[1.28312445e-07 2.65777359e-15],[2.65777359e-15 5.84949477e-16]
347,[1.20328899e-07 2.77327668e-15],[2.77327668e-15 5.37267533e-16]
348,[1.30926863e-07 5.41096975e-15],[5.41096975e-15 5.85556257e-16]
349,[ 1.22245928e-07 -2.08326132e-16],[-2.08326132e-16  5.47627645e-16]
350,[1.20413874e-07 3.52679203e-15],[3.52679203e-15 5.03752077e-16]
351,[1.20314352e-07 3.54273982e-15],[3.54273982e-15 5.57990056e-16]
352,[1.22193675e-07 2.71541229e-15],[2.71541229e-15 5.51260054e-16]
353,[1.30073098e-07 3.84523619e-15],[3.84523619e-15 5.88125966e-16]
354,[1.22908628e-07 2.25173746e-16],[2.25173746e-16 5.10985382e-16]
355,[1.27416241e-07 2.39320907e-15],[2.39320907e-15 5.86056240e-16]
356,[1.25515580e-07 5.47959143e-16],[5.47959143e-16 5.57699163e-16]
357,[ 1.22944551e-07 -9.88126775e-17],[-9.88126775e-17  5.38656161e-16]
358,[1.25071766e-07 5.36524438e-15],[5.36524438e-15 5.73656396e-16]
359,[1.21401543e-07 7.05919570e-16],[7.05919570e-16 5.21542313e-16]
360,[1.19321664e-07 1.80589871e-15],[1.80589871e-15 4.79247246e-16]
361,[1.17178840e-07 2.46048663e-15],[2.46048663e-15 4.87995689e-16]
362,[1.09930408e-07 2.57526426e-15],[2.57526426e-15 4.58000656e-16]
363,[1.15037617e-07 2.44110856e-15],[2.44110856e-15 4.71302144e-16]
364,[1.33874173e-07 2.51647840e-16],[2.51647840e-16 6.07618874e-16]
365,[ 1.17829906e-07 -5.62612564e-18],[-5.62612564e-18  4.90138006e-16]
366,[ 1.28303066e-07 -1.67783191e-16],[-1.67783191e-16  5.46063355e-16]
367,[1.21716139e-07 1.50317323e-15],[1.50317323e-15 5.17258897e-16]
368,[ 1.23730565e-07 -1.93258140e-15],[-1.93258140e-15  5.45483554e-16]
369,[1.14374495e-07 1.72037603e-15],[1.72037603e-15 4.54612321e-16]
370,[1.18236235e-07 4.91947975e-15],[4.91947975e-15 5.17167726e-16]
371,[ 1.18995753e-07 -3.14168921e-15],[-3.14168921e-15  4.57825336e-16]
372,[1.19372516e-07 2.52548476e-15],[2.52548476e-15 4.89552058e-16]
373,[1.30298471e-07 4.81333273e-15],[4.81333273e-15 5.28455611e-16]
374,[1.22655631e-07 2.95878915e-15],[2.95878915e-15 5.35826113e-16]
375,[1.22393954e-07 2.13074166e-15],[2.13074166e-15 5.06751591e-16]
376,[1.26018171e-07 9.85635758e-16],[9.85635758e-16 5.20957086e-16]
377,[1.18522115e-07 2.81219175e-15],[2.81219175e-15 5.08229074e-16]
378,[1.13585516e-07 1.29459877e-15],[1.29459877e-15 4.35614164e-16]
379,[ 1.18359777e-07 -8.19301738e-16],[-8.19301738e-16  5.08724501e-16]
380,[ 1.23079526e-07 -7.71294925e-16],[-7.71294925e-16  4.93764179e-16]
381,[1.19793539e-07 4.23036936e-15],[4.23036936e-15 5.00314992e-16]
382,[ 1.22974364e-07 -3.47098587e-15],[-3.47098587e-15  5.03190309e-16]
383,[1.26098285e-07 5.22888494e-15],[5.22888494e-15 5.20043657e-16]
384,[1.18759358e-07 1.09964098e-15],[1.09964098e-15 5.09078904e-16]
385,[1.16765336e-07 3.09405901e-15],[3.09405901e-15 4.69325921e-16]
386,[1.17976568e-07 5.62627199e-15],[5.62627199e-15 5.05287468e-16]
387,[ 1.21729794e-07 -1.31982705e-17],[-1.31982705e-17  5.10145374e-16]
388,[1.17682772e-07 5.91428077e-15],[5.91428077e-15 4.91586203e-16]
389,[ 1.20320501e-07 -2.01624705e-15],[-2.01624705e-15  4.64790245e-16]
390,[1.11893178e-07 5.09138359e-16],[5.09138359e-16 4.84187167e-16]
391,[1.19402372e-07 1.69198361e-15],[1.69198361e-15 4.72937452e-16]
392,[1.17027035e-07 3.62709709e-15],[3.62709709e-15 4.78031898e-16]
393,[ 1.18185403e-07 -3.46047078e-16],[-3.46047078e-16  4.49438750e-16]
394,[ 1.25528462e-07 -2.19158777e-15],[-2.19158777e-15  5.16655381e-16]
395,[1.13507012e-07 6.79009189e-16],[6.79009189e-16 4.74200872e-16]
396,[ 1.11513246e-07 -1.29633737e-15],[-1.29633737e-15  4.56957154e-16]
397,[1.07796001e-07 1.99411373e-15],[1.99411373e-15 4.25653583e-16]
398,[ 1.14350947e-07 -1.81506523e-15],[-1.81506523e-15  4.50340970e-16]
399,[1.05233326e-07 9.43127225e-16],[9.43127225e-16 4.21645042e-16]
400,[1.10123247e-07 1.25375072e-15],[1.25375072e-15 4.00492851e-16]
401,[1.07542870e-07 5.60362417e-15],[5.60362417e-15 4.41651333e-16]
402,[1.13946882e-07 2.57870207e-15],[2.57870207e-15 4.39144819e-16]
403,[1.11632323e-07 5.21219972e-15],[5.21219972e-15 4.60881563e-16]
404,[1.13808656e-07 9.97112981e-16],[9.97112981e-16 4.36363628e-16]
405,[1.12570823e-07 3.07225983e-15],[3.07225983e-15 4.36273495e-16]
406,[ 1.1868676e-07 -8.5681115e-17],[-8.5681115e-17  4.5982879e-16]
407,[1.14708434e-07 1.43649523e-15],[1.43649523e-15 4.20379643e-16]
408,[1.13087167e-07 5.20168636e-16],[5.20168636e-16 4.10553840e-16]
409,[1.15917360e-07 4.37398299e-16],[4.37398299e-16 4.38035361e-16]
410,[1.10763036e-07 3.14595221e-16],[3.14595221e-16 3.89043839e-16]
411,[1.20265417e-07 9.27001128e-16],[9.27001128e-16 4.82532799e-16]
412,[ 1.12809985e-07 -3.49123807e-16],[-3.49123807e-16  3.93655511e-16]
413,[1.04650143e-07 8.09459116e-16],[8.09459116e-16 4.19348252e-16]
414,[1.10856043e-07 6.46331918e-16],[6.46331918e-16 4.10131266e-16]
415,[ 1.04513767e-07 -3.26887243e-16],[-3.26887243e-16  4.02190560e-16]
416,[ 1.09891973e-07 -1.25671114e-15],[-1.25671114e-15  4.01316176e-16]
417,[1.14386979e-07 2.07137232e-16],[2.07137232e-16 4.28109268e-16]
418,[ 1.09210882e-07 -2.07306174e-15],[-2.07306174e-15  4.00855743e-16]
419,[1.11634841e-07 3.00682665e-16],[3.00682665e-16 3.96679922e-16]
420,[1.06722731e-07 9.05419822e-16],[9.05419822e-16 3.85173284e-16]
421,[9.94788384e-08 3.54474048e-16],[3.54474048e-16 3.65755125e-16]
422,[1.07640354e-07 7.99459612e-16],[7.99459612e-16 4.54540667e-16]
423,[1.11362004e-07 4.39069500e-15],[4.39069500e-15 4.01446732e-16]
424,[1.06977741e-07 4.30928640e-15],[4.30928640e-15 4.09173172e-16]
425,[1.06281904e-07 3.61288119e-15],[3.61288119e-15 3.61431755e-16]
426,[1.09505784e-07 1.88365893e-15],[1.88365893e-15 4.03110657e-16]
427,[1.11601592e-07 2.35011835e-15],[2.35011835e-15 3.86765656e-16]
428,[9.82401346e-08 1.42896776e-15],[1.42896776e-15 3.73464491e-16]
429,[ 1.07669453e-07 -5.44427183e-16],[-5.44427183e-16  3.85299809e-16]
430,[1.04960477e-07 1.58717067e-15],[1.58717067e-15 3.90256190e-16]
431,[1.03192762e-07 1.41166629e-15],[1.41166629e-15 3.74542724e-16]
432,[1.07612249e-07 2.75909704e-15],[2.75909704e-15 3.89009090e-16]
433,[1.01262280e-07 2.41053475e-16],[2.41053475e-16 3.54103840e-16]
434,[1.07294954e-07 1.98263568e-15],[1.98263568e-15 3.46020892e-16]
435,[1.14497465e-07 5.34987948e-16],[5.34987948e-16 3.90431609e-16]
436,[1.05080290e-07 8.95601569e-16],[8.95601569e-16 3.52427807e-16]
437,[ 1.08858407e-07 -2.43125770e-16],[-2.4312577e-16  3.6799949e-16]
438,[1.10408767e-07 3.55942697e-15],[3.55942697e-15 3.76617917e-16]
439,[ 1.08898671e-07 -5.53059962e-17],[-5.53059962e-17  3.73334128e-16]
440,[1.07891859e-07 5.28724366e-16],[5.28724366e-16 3.95323910e-16]
441,[ 1.10563104e-07 -2.13366042e-16],[-2.13366042e-16  3.63461123e-16]
442,[ 1.12772919e-07 -2.70133958e-16],[-2.70133958e-16  3.78918594e-16]
443,[ 1.15803714e-07 -1.76785605e-15],[-1.76785605e-15  4.04209582e-16]
444,[1.09567046e-07 3.05270157e-15],[3.05270157e-15 3.88100131e-16]
445,[1.10197413e-07 1.42081758e-15],[1.42081758e-15 3.95232738e-16]
446,[1.08576052e-07 1.65220778e-15],[1.65220778e-15 3.78082231e-16]
447,[1.07144067e-07 2.20820799e-15],[2.20820799e-15 3.70283268e-16]
448,[1.09697527e-07 5.72587639e-16],[5.72587639e-16 3.76156345e-16]
449,[1.15556228e-07 1.11534125e-15],[1.11534125e-15 4.05532575e-16]
450,[1.09029011e-07 4.00780645e-16],[4.00780645e-16 3.80328978e-16]
451,[ 9.47320294e-08 -4.81792296e-16],[-4.81792296e-16  3.37436902e-16]
452,[9.94250354e-08 9.91697080e-17],[9.91697080e-17 3.24426182e-16]
453,[ 1.03240832e-07 -1.44701654e-15],[-1.44701654e-15  3.74409998e-16]
454,[ 1.01155595e-07 -1.33344970e-15],[-1.33344970e-15  3.55008346e-16]
455,[1.10080203e-07 4.42996700e-16],[4.42996700e-16 3.90879542e-16]
456,[1.09964784e-07 1.72874118e-15],[1.72874118e-15 3.64242333e-16]
457,[1.07616491e-07 5.21790251e-16],[5.21790251e-16 3.58781769e-16]
458,[1.08044625e-07 5.46795003e-15],[5.46795003e-15 3.69860340e-16]
459,[1.05945191e-07 1.92711832e-15],[1.92711832e-15 3.61186720e-16]
460,[1.05471984e-07 1.27446377e-15],[1.27446377e-15 3.07379375e-16]
461,[1.01743986e-07 5.69645250e-16],[5.69645250e-16 3.47271311e-16]
462,[9.82123794e-08 1.10361892e-15],[1.10361892e-15 3.27462433e-16]
463,[9.97173049e-08 2.39963640e-15],[2.39963640e-15 3.16537477e-16]
464,[ 9.11778836e-08 -6.03995080e-16],[-6.03995080e-16  2.92050451e-16]
465,[9.94389868e-08 1.71935463e-15],[1.71935463e-15 3.31385751e-16]
466,[ 9.74335895e-08 -1.97672007e-16],[-1.97672007e-16  3.17584489e-16]
467,[9.98344076e-08 2.19812728e-15],[2.19812728e-15 3.21034732e-16]
468,[1.08266265e-07 5.67371916e-16],[5.67371916e-16 3.19508710e-16]
469,[ 1.03101112e-07 -3.22744018e-15],[-3.22744018e-15  3.25491016e-16]
470,[9.83491266e-08 2.43466195e-15],[2.43466195e-15 3.35075819e-16]
471,[ 9.67296771e-08 -1.92348676e-15],[-1.92348676e-15  3.06904313e-16]
472,[9.56806050e-08 2.33718022e-15],[2.33718022e-15 3.28197269e-16]
473,[9.52469531e-08 9.22432646e-16],[9.22432646e-16 2.99054500e-16]
474,[9.88842202e-08 3.40521326e-15],[3.40521326e-15 3.43725040e-16]
475,[1.04250433e-07 2.98190416e-15],[2.98190416e-15 3.48616457e-16]
476,[9.84652239e-08 1.16087447e-16],[1.16087447e-16 3.08083838e-16]
477,[1.05218537e-07 1.23627200e-15],[1.23627200e-15 3.40213137e-16]
478,[9.62197264e-08 3.08678286e-15],[3.08678286e-15 3.15119141e-16]
479,[1.01008572e-07 1.33725179e-15],[1.33725179e-15 3.19247806e-16]
480,[1.01034631e-07 3.92982087e-15],[3.92982087e-15 3.61478818e-16]
481,[ 1.06228369e-07 -4.29583285e-17],[-4.29583285e-17  3.34300814e-16]
482,[1.01409025e-07 2.41568868e-15],[2.41568868e-15 3.49237391e-16]
483,[ 9.17927286e-08 -1.50358385e-16],[-1.50358385e-16  2.93900630e-16]
484,[ 9.48428150e-08 -8.74646166e-16],[-8.74646166e-16  2.91580286e-16]
485,[8.90702642e-08 1.29953660e-15],[1.29953660e-15 2.86027117e-16]
486,[9.5581203e-08 2.3199885e-15],[2.31998850e-15 3.22886941e-16]
487,[9.59823047e-08 1.63146274e-15],[1.63146274e-15 2.96892353e-16]
488,[9.06445273e-08 1.97295465e-15],[1.97295465e-15 2.75911549e-16]
489,[9.42549483e-08 1.08151431e-15],[1.08151431e-15 3.11111951e-16]
490,[9.82275486e-08 1.27818260e-15],[1.27818260e-15 3.30297939e-16]
491,[9.44318022e-08 5.36597130e-16],[5.36597130e-16 3.00683667e-16]
492,[9.34132005e-08 2.18628534e-15],[2.18628534e-15 2.87202219e-16]
493,[ 9.69075324e-08 -7.24883327e-16],[-7.24883327e-16  2.95547083e-16]
494,[9.30812845e-08 3.19817289e-15],[3.19817289e-15 2.96610036e-16]
495,[8.99626859e-08 1.38761381e-15],[1.38761381e-15 2.81265037e-16]
496,[ 9.43314133e-08 -1.44166694e-15],[-1.44166694e-15  2.79374534e-16]
497,[1.00409846e-07 4.43180872e-15],[4.43180872e-15 3.16321228e-16]
498,[9.62041920e-08 2.07689102e-15],[2.07689102e-15 2.98974080e-16]
499,[ 9.68579959e-08 -6.70022064e-16],[-6.70022064e-16  2.92082906e-16]
500,[9.50618364e-08 1.12580928e-15],[1.12580928e-15 2.87059166e-16]
501,[9.45766028e-08 3.73129191e-16],[3.73129191e-16 2.88824085e-16]
502,[ 9.26519539e-08 -3.69274636e-16],[-3.69274636e-16  2.90339496e-16]
503,[ 9.08439453e-08 -9.94876795e-16],[-9.94876795e-16  2.60678867e-16]
504,[9.12147635e-08 1.34035813e-15],[1.34035813e-15 2.76853648e-16]
505,[9.23291739e-08 1.25250104e-15],[1.25250104e-15 2.65082321e-16]
506,[8.94948526e-08 2.82909332e-16],[2.82909332e-16 2.73847518e-16]
507,[9.77373925e-08 1.05248128e-15],[1.05248128e-15 2.94074410e-16]
508,[9.35046097e-08 1.15256881e-15],[1.15256881e-15 2.69361865e-16]
509,[1.00748798e-07 4.92561777e-15],[4.92561777e-15 3.06918843e-16]
510,[1.02159719e-07 3.22836174e-17],[3.22836174e-17 2.92427873e-16]
511,[1.00401282e-07 1.73887551e-15],[1.73887551e-15 2.83930533e-16]
512,[ 1.03795712e-07 -9.15600611e-17],[-9.15600611e-17  3.25327143e-16]
513,[ 1.00126832e-07 -5.75664541e-16],[-5.75664541e-16  2.87734007e-16]
514,[1.00303232e-07 2.77601168e-15],[2.77601168e-15 2.90962700e-16]
515,[1.01727807e-07 8.38064286e-17],[8.38064286e-17 2.93078003e-16]
516,[1.02545318e-07 7.24818886e-16],[7.24818886e-16 3.04435210e-16]
517,[ 9.68179612e-08 -1.19853041e-16],[-1.19853041e-16  2.88515725e-16]
518,[9.61728806e-08 1.85852101e-15],[1.85852101e-15 2.88348533e-16]
519,[9.77604335e-08 8.74025136e-16],[8.74025136e-16 2.85518414e-16]
520,[9.63572463e-08 9.23444283e-16],[9.23444283e-16 2.97423178e-16]
521,[9.89732548e-08 9.67868987e-17],[9.67868987e-17 2.66206651e-16]
522,[9.67388248e-08 1.11743760e-15],[1.11743760e-15 2.79955997e-16]
523,[ 9.24136209e-08 -3.32567277e-16],[-3.32567277e-16  2.60315415e-16]
524,[9.13664609e-08 2.06847131e-15],[2.06847131e-15 2.58913705e-16]
525,[ 9.84037075e-08 -4.42804781e-16],[-4.42804781e-16  3.01984917e-16]
526,[9.53647170e-08 4.55313676e-16],[4.55313676e-16 2.77539582e-16]
527,[9.70472267e-08 9.55500195e-17],[9.55500195e-17 2.93779621e-16]
528,[8.92784825e-08 1.00437501e-15],[1.00437501e-15 2.48416884e-16]
529,[ 8.94880997e-08 -5.22449672e-16],[-5.22449672e-16  2.51773091e-16]
530,[8.63155137e-08 2.48757829e-15],[2.48757829e-15 2.57223895e-16]
531,[9.29721693e-08 8.53712828e-16],[8.53712828e-16 2.74318288e-16]
532,[9.30963227e-08 2.95062286e-15],[2.95062286e-15 2.74784231e-16]
533,[9.54860870e-08 8.97427705e-16],[8.97427705e-16 2.59567526e-16]
534,[9.22842448e-08 1.30181182e-15],[1.30181182e-15 2.66568689e-16]
535,[9.28592636e-08 1.11630657e-15],[1.11630657e-15 2.70244584e-16]
536,[8.84197173e-08 1.05972271e-15],[1.05972271e-15 2.68374927e-16]
537,[ 9.03030509e-08 -2.89579966e-16],[-2.89579966e-16  2.58326599e-16]
538,[8.45098059e-08 4.92391890e-16],[4.92391890e-16 2.43590438e-16]
539,[9.03560517e-08 3.49296768e-15],[3.49296768e-15 2.68797321e-16]
540,[ 9.26426557e-08 -7.90794365e-17],[-7.90794365e-17  2.55514919e-16]
541,[9.46844382e-08 1.33073149e-15],[1.33073149e-15 2.72589626e-16]
542,[9.0062177e-08 1.7106200e-15],[1.71062000e-15 2.46064099e-16]
543,[8.30098807e-08 6.77203528e-16],[6.77203528e-16 2.13595953e-16]
544,[9.20804972e-08 1.89607339e-15],[1.89607339e-15 2.61657250e-16]
545,[8.91235062e-08 1.02906710e-15],[1.02906710e-15 2.42965786e-16]
546,[9.19328632e-08 1.41623143e-15],[1.41623143e-15 2.61237833e-16]
547,[9.53431869e-08 1.32351431e-15],[1.32351431e-15 2.59282742e-16]
548,[8.32785538e-08 3.70439410e-16],[3.70439410e-16 2.22067683e-16]
549,[8.56524031e-08 1.07020768e-15],[1.07020768e-15 2.43948447e-16]
550,[8.94383539e-08 2.58642639e-16],[2.58642639e-16 2.37103074e-16]
551,[8.49745578e-08 7.50680222e-16],[7.50680222e-16 2.34070567e-16]
552,[ 9.05145230e-08 -9.39518456e-16],[-9.39518456e-16  2.39111697e-16]
553,[ 9.01893648e-08 -2.89044776e-16],[-2.89044776e-16  2.38511651e-16]
554,[8.83377844e-08 1.40573254e-15],[1.40573254e-15 2.53356151e-16]
555,[9.04452267e-08 1.35997151e-15],[1.35997151e-15 2.54228204e-16]
556,[8.99451527e-08 2.83182471e-15],[2.83182471e-15 2.70764634e-16]
557,[ 8.95260008e-08 -8.83504260e-17],[-8.8350426e-17  2.5365233e-16]
558,[8.93548356e-08 7.20602707e-16],[7.20602707e-16 2.68982768e-16]
559,[8.71831675e-08 3.30496239e-15],[3.30496239e-15 2.41161963e-16]
560,[9.07035720e-08 1.60902696e-15],[1.60902696e-15 2.58928812e-16]
561,[8.98809313e-08 1.72917398e-15],[1.72917398e-15 2.34576820e-16]
562,[9.00535694e-08 3.67186276e-15],[3.67186276e-15 2.36435659e-16]
563,[ 8.96603287e-08 -7.07161760e-16],[-7.07161760e-16  2.35812367e-16]
564,[9.24025632e-08 8.71825296e-16],[8.71825296e-16 2.38247009e-16]
565,[ 9.44160799e-08 -2.92427339e-16],[-2.92427339e-16  2.66734453e-16]
566,[9.22832895e-08 1.07248780e-15],[1.07248780e-15 2.43360287e-16]
567,[9.13037024e-08 1.82413593e-15],[1.82413593e-15 2.49705664e-16]
568,[8.75683144e-08 2.22625250e-15],[2.22625250e-15 2.35512765e-16]
569,[ 9.15472531e-08 -7.35507501e-17],[-7.35507501e-17  2.51981845e-16]
570,[ 8.86986802e-08 -1.50728047e-16],[-1.50728047e-16  2.43260033e-16]
571,[8.84280493e-08 5.67609432e-16],[5.67609432e-16 2.34908948e-16]
572,[ 9.63162970e-08 -7.08598291e-17],[-7.08598291e-17  2.60904347e-16]
573,[ 8.87912699e-08 -2.68710076e-16],[-2.68710076e-16  2.26059549e-16]
574,[8.30835808e-08 5.12030144e-16],[5.12030144e-16 2.06761403e-16]
575,[8.48060746e-08 1.32278734e-15],[1.32278734e-15 2.19919227e-16]
576,[8.03467680e-08 8.17822755e-16],[8.17822755e-16 2.03828133e-16]
577,[8.34275043e-08 2.65336403e-16],[2.65336403e-16 2.15455925e-16]
578,[8.37983219e-08 1.46378951e-15],[1.46378951e-15 2.16737220e-16]
579,[8.58830482e-08 2.50872364e-16],[2.50872364e-16 2.12042393e-16]
580,[8.51952902e-08 7.41336195e-16],[7.41336195e-16 2.11928275e-16]
581,[8.41307583e-08 6.53110693e-16],[6.53110693e-16 2.15121674e-16]
582,[8.34687380e-08 7.55334373e-17],[7.55334373e-17 2.13959669e-16]
583,[ 8.70529847e-08 -1.72742861e-15],[-1.72742861e-15  2.36442536e-16]
584,[8.39985836e-08 1.01049567e-15],[1.01049567e-15 2.20501742e-16]
585,[ 8.60093747e-08 -3.32633731e-16],[-3.32633731e-16  2.11220154e-16]
586,[8.34148063e-08 1.72740624e-15],[1.72740624e-15 2.08452201e-16]
587,[8.60818340e-08 4.61232693e-16],[4.61232693e-16 1.99453009e-16]
588,[ 8.28933448e-08 -3.87712997e-16],[-3.87712997e-16  2.11896211e-16]
589,[ 8.98975623e-08 -9.74750551e-16],[-9.74750551e-16  2.29992271e-16]
590,[ 8.43060387e-08 -5.01851237e-16],[-5.01851237e-16  2.08402302e-16]
591,[8.97179519e-08 1.89925173e-15],[1.89925173e-15 2.27783036e-16]
592,[8.61178859e-08 8.95525690e-16],[8.95525690e-16 2.22859562e-16]
593,[8.40088833e-08 1.81402213e-15],[1.81402213e-15 2.12705602e-16]
594,[ 8.32776235e-08 -1.23723471e-15],[-1.23723471e-15  2.07616907e-16]
595,[8.39168669e-08 5.60207462e-16],[5.60207462e-16 2.22539199e-16]
596,[ 7.93279433e-08 -7.91702158e-16],[-7.91702158e-16  1.87080701e-16]
597,[8.88455188e-08 2.16583434e-15],[2.16583434e-15 2.18837031e-16]
598,[7.97379236e-08 4.43665228e-17],[4.43665228e-17 1.93293810e-16]
599,[8.42433092e-08 2.52553502e-15],[2.52553502e-15 2.05612935e-16]
600,[ 8.35985690e-08 -4.91620225e-16],[-4.91620225e-16  2.13185511e-16]
601,[8.07788192e-08 1.40774843e-15],[1.40774843e-15 2.05237479e-16]
602,[8.67858944e-08 1.61139994e-15],[1.61139994e-15 1.99324102e-16]
603,[8.74137933e-08 3.12903237e-16],[3.12903237e-16 2.06486477e-16]
604,[8.57846557e-08 1.98635468e-16],[1.98635468e-16 2.08706614e-16]
605,[8.33417367e-08 2.61362305e-16],[2.61362305e-16 1.97429341e-16]
606,[8.05818786e-08 1.25913468e-15],[1.25913468e-15 2.05768008e-16]
607,[7.97207676e-08 1.47713930e-15],[1.47713930e-15 2.02715364e-16]
608,[8.44963414e-08 1.49236081e-15],[1.49236081e-15 2.10716446e-16]
609,[8.00604964e-08 3.12978642e-16],[3.12978642e-16 1.92006874e-16]
610,[8.29932322e-08 1.81683638e-15],[1.81683638e-15 2.09011724e-16]
611,[7.94266288e-08 1.31286867e-15],[1.31286867e-15 1.89235974e-16]
612,[7.72725915e-08 2.35058769e-16],[2.35058769e-16 1.88382730e-16]
613,[7.80619646e-08 8.59797430e-16],[8.59797430e-16 1.83467954e-16]
614,[8.37692305e-08 5.39367761e-16],[5.39367761e-16 1.98499568e-16]
615,[8.21427090e-08 1.36526948e-15],[1.36526948e-15 1.97951977e-16]
616,[8.31532073e-08 1.99718022e-15],[1.99718022e-15 1.88787763e-16]
617,[8.42517026e-08 2.29963889e-16],[2.29963889e-16 2.05360261e-16]
618,[8.74334715e-08 3.69202180e-16],[3.69202180e-16 2.03126932e-16]
619,[ 8.06579468e-08 -5.20048785e-16],[-5.20048785e-16  2.03697935e-16]
620,[ 8.65565986e-08 -7.52991539e-17],[-7.52991539e-17  2.15318153e-16]
621,[7.81385290e-08 1.98527088e-15],[1.98527088e-15 1.85761395e-16]
622,[ 8.21180023e-08 -3.00070487e-16],[-3.00070487e-16  1.95792175e-16]
623,[7.95790697e-08 1.68722313e-15],[1.68722313e-15 1.95627929e-16]
624,[ 7.76601668e-08 -4.70749333e-16],[-4.70749333e-16  1.88571447e-16]
625,[7.68062633e-08 6.81453998e-16],[6.81453998e-16 1.73520234e-16]
626,[7.34471697e-08 1.10867558e-15],[1.10867558e-15 1.70692192e-16]
627,[7.14430788e-08 5.15765236e-16],[5.15765236e-16 1.67622369e-16]
628,[7.52103753e-08 1.11431946e-15],[1.11431946e-15 1.73148547e-16]
629,[7.65906418e-08 1.15710908e-15],[1.15710908e-15 1.72286852e-16]
630,[7.90534582e-08 4.70512759e-16],[4.70512759e-16 1.79837818e-16]
631,[7.95318550e-08 7.10391874e-17],[7.10391874e-17 1.79626229e-16]
632,[7.98570028e-08 1.69048642e-15],[1.69048642e-15 1.80065309e-16]
633,[7.32692114e-08 9.82395053e-16],[9.82395053e-16 1.71508203e-16]
634,[7.73308356e-08 7.10077622e-16],[7.10077622e-16 1.84283710e-16]
635,[ 7.72033521e-08 -2.68869238e-16],[-2.68869238e-16  1.78106424e-16]
636,[ 7.49550200e-08 -3.23026072e-17],[-3.23026072e-17  1.62211287e-16]
637,[8.34335700e-08 5.64939291e-18],[5.64939291e-18 1.92981373e-16]
638,[ 7.93959985e-08 -7.24339153e-17],[-7.24339153e-17  1.72360527e-16]
639,[ 7.67588931e-08 -5.10409346e-16],[-5.10409346e-16  1.68929427e-16]
640,[ 7.98252581e-08 -1.83176174e-16],[-1.83176174e-16  1.73173503e-16]
641,[7.93238613e-08 3.57595074e-16],[3.57595074e-16 1.78113721e-16]
642,[7.85107311e-08 4.55800164e-16],[4.55800164e-16 1.81063427e-16]
643,[8.14407262e-08 4.74871259e-16],[4.74871259e-16 1.73748596e-16]
644,[7.83231409e-08 1.52636357e-15],[1.52636357e-15 1.63448982e-16]
645,[7.70280812e-08 2.08143339e-15],[2.08143339e-15 1.71390813e-16]
646,[7.65973176e-08 5.11810643e-16],[5.11810643e-16 1.64999898e-16]
647,[7.73144126e-08 6.50844312e-16],[6.50844312e-16 1.70884999e-16]
648,[ 8.41938727e-08 -5.55509296e-16],[-5.55509296e-16  1.78570233e-16]
649,[ 8.04911392e-08 -1.75195522e-16],[-1.75195522e-16  1.76758382e-16]
650,[7.79744550e-08 2.09649877e-16],[2.09649877e-16 1.73002563e-16]
651,[8.04770249e-08 6.09923680e-16],[6.09923680e-16 1.84126699e-16]
652,[7.37464446e-08 1.50529108e-15],[1.50529108e-15 1.63119922e-16]
653,[8.06999204e-08 9.48975487e-16],[9.48975487e-16 1.86469818e-16]
654,[7.20437821e-08 7.72489343e-16],[7.72489343e-16 1.60040750e-16]
655,[7.95762348e-08 2.85913217e-16],[2.85913217e-16 1.70679918e-16]
656,[ 8.02248922e-08 -1.99696648e-16],[-1.99696648e-16  1.70047273e-16]
657,[7.64028751e-08 7.63418522e-16],[7.63418522e-16 1.65438754e-16]
658,[7.66476413e-08 7.64606481e-16],[7.64606481e-16 1.71110640e-16]
659,[ 7.62515901e-08 -1.02532211e-15],[-1.02532211e-15  1.58446013e-16]
660,[7.66890346e-08 1.36172648e-16],[1.36172648e-16 1.67644526e-16]
661,[7.45360946e-08 8.42011782e-16],[8.42011782e-16 1.58962901e-16]
662,[7.58547505e-08 2.64404513e-16],[2.64404513e-16 1.64927670e-16]
663,[ 7.02200184e-08 -7.10347451e-16],[-7.10347451e-16  1.46566119e-16]
664,[8.13572053e-08 2.27576230e-15],[2.27576230e-15 1.83327155e-16]
665,[ 7.67656527e-08 -9.90773105e-16],[-9.90773105e-16  1.63352590e-16]
666,[ 7.35359157e-08 -2.54473181e-17],[-2.54473181e-17  1.47632091e-16]
667,[ 7.75588476e-08 -8.33026324e-16],[-8.33026324e-16  1.64484509e-16]
668,[7.85234324e-08 2.58048087e-16],[2.58048087e-16 1.57933479e-16]
669,[7.60785285e-08 6.70768468e-18],[6.70768468e-18 1.59673214e-16]
670,[7.76156119e-08 3.54444421e-16],[3.54444421e-16 1.55903441e-16]
671,[7.86624106e-08 9.62534260e-16],[9.62534260e-16 1.67118832e-16]
672,[ 7.79282164e-08 -7.87614757e-16],[-7.87614757e-16  1.54325941e-16]
673,[ 7.48903812e-08 -4.27562601e-16],[-4.27562601e-16  1.43674324e-16]
674,[ 7.17366830e-08 -1.44310603e-15],[-1.44310603e-15  1.51505302e-16]
675,[ 7.78604891e-08 -5.47092687e-16],[-5.47092687e-16  1.52189850e-16]
676,[7.64742960e-08 1.40374193e-15],[1.40374193e-15 1.63241163e-16]
677,[ 8.02724349e-08 -8.93725414e-17],[-8.93725414e-17  1.58508389e-16]
678,[7.95064438e-08 2.07419743e-16],[2.07419743e-16 1.60320970e-16]
679,[ 7.71581429e-08 -3.67652604e-17],[-3.67652604e-17  1.50787636e-16]
680,[ 7.67320908e-08 -1.21322151e-15],[-1.21322151e-15  1.59635490e-16]
681,[7.63131001e-08 3.99656535e-17],[3.99656535e-17 1.50783873e-16]
682,[7.73748325e-08 1.41192281e-15],[1.41192281e-15 1.52530617e-16]
683,[ 7.77143976e-08 -6.53074542e-16],[-6.53074542e-16  1.63587666e-16]
684,[7.72692690e-08 6.31388288e-16],[6.31388288e-16 1.56412722e-16]
685,[ 8.18735322e-08 -6.77067381e-16],[-6.77067381e-16  1.62865958e-16]
686,[ 7.50887805e-08 -6.97292720e-16],[-6.97292720e-16  1.56744472e-16]
687,[7.90642498e-08 4.22358682e-16],[4.22358682e-16 1.58895488e-16]
688,[7.43890915e-08 4.63829010e-16],[4.63829010e-16 1.52168477e-16]
689,[ 7.23496432e-08 -3.26691215e-16],[-3.26691215e-16  1.53568888e-16]
690,[ 7.69118350e-08 -3.23273763e-16],[-3.23273763e-16  1.61421659e-16]
691,[7.23907684e-08 1.25637075e-15],[1.25637075e-15 1.45301572e-16]
692,[ 6.53753352e-08 -2.67180422e-16],[-2.67180422e-16  1.25085089e-16]
693,[7.11795678e-08 2.09204325e-16],[2.09204325e-16 1.40533442e-16]
694,[ 7.10577565e-08 -9.99867573e-16],[-9.99867573e-16  1.57551814e-16]
695,[ 6.98681750e-08 -1.00612541e-15],[-1.00612541e-15  1.44813436e-16]
696,[ 7.03476290e-08 -4.06902297e-16],[-4.06902297e-16  1.44820601e-16]
697,[7.35023387e-08 8.54972177e-16],[8.54972177e-16 1.42022284e-16]
698,[ 7.30324055e-08 -1.33554059e-15],[-1.33554059e-15  1.41880831e-16]
699,[7.33325061e-08 4.68626176e-16],[4.68626176e-16 1.54683514e-16]
,,