,l,vargg,var_ig,cov
,300,3.7924332163152e-07,5.667653740158649e-15,3.4629532202145805e-14
,301,4.052333803084168e-07,6.211030708747397e-15,-7.28469264316203e-15
,302,3.7910617360425774e-07,5.612755359358215e-15,3.628929153984924e-14
,303,3.9009801894216374e-07,6.074069138049361e-15,2.913701106566711e-14
,304,3.8682998215500784e-07,5.600759019197309e-15,-1.4359512852226266e-14
,305,4.0274482861346796e-07,5.5654783881157404e-15,-1.61973324558878e-14
,306,4.2265846880929133e-07,6.398059633255956e-15,-2.5118662371364484e-14
,307,4.4186733454182425e-07,6.315664198641317e-15,-2.219643704405379e-14
,308,4.277558154616941e-07,5.890538639615451e-15,-1.953578345712334e-14
,309,4.4509985947963347e-07,5.9960770338227465e-15,-1.234360723995569e-14
,310,3.882213072016272e-07,5.542294628164737e-15,-5.3221138396477915e-14
,311,4.231730406682698e-07,6.250060977201366e-15,6.052703295806257e-15
,312,4.1289236763637225e-07,6.4172806678157995e-15,-2.6439917947143894e-14
,313,3.9309075279368063e-07,5.71949000196368e-15,7.818437042595304e-15
,314,4.1242504759244976e-07,4.945884324158493e-15,-2.9344675231330125e-15
,315,3.8880954500612e-07,5.2600517129813425e-15,1.685643034215956e-14
,316,3.7859501735400153e-07,4.8197256379029094e-15,3.3050381635235125e-14
,317,3.8129703951110636e-07,4.874511106038779e-15,-1.2800052205025785e-14
,318,3.4656000599719105e-07,4.543037717043949e-15,1.473057204703956e-14
,319,3.7612439684100013e-07,4.909414568079843e-15,-1.915579407141187e-15
,320,3.83905571246534e-07,5.2959104516350196e-15,-9.351910281371579e-15
,321,4.2941085342153e-07,6.16502758517944e-15,6.623311867793144e-14
,322,3.9335315709185943e-07,5.63008069457518e-15,-2.948062114113764e-14
,323,3.789891051725319e-07,5.167842191033225e-15,1.0800638905144712e-14
,324,3.6032330910702174e-07,4.797657704791877e-15,-1.2507701419714783e-14
,325,3.56061612190336e-07,4.780504550545446e-15,2.8414689697611615e-15
,326,3.857024304495506e-07,5.057503084493105e-15,-4.221766702652249e-14
,327,3.7932989456342915e-07,5.1615589429161486e-15,5.2431294432668034e-14
,328,3.6765013216185533e-07,4.731567820877208e-15,1.0056942522654178e-14
,329,3.6335813437972175e-07,4.783414495506831e-15,3.124829641953393e-14
,330,3.2204832104546926e-07,4.3524533235555335e-15,1.1810818286499974e-15
,331,3.3498341380823894e-07,3.888819262554113e-15,-1.492872954084664e-14
,332,3.546876325288254e-07,5.1345435147364796e-15,-7.821262855117115e-15
,333,3.5301548584885883e-07,4.40011999229647e-15,2.8312830742281124e-14
,334,3.703695263142548e-07,5.1447048482460475e-15,1.0764047852739915e-15
,335,3.315690548028538e-07,4.39952406767117e-15,1.4370121344279507e-14
,336,3.5073244642068267e-07,5.033768064209483e-15,-1.1422886497662037e-14
,337,3.4810005311730245e-07,4.142624178831771e-15,2.0990501437936124e-14
,338,3.113381644411677e-07,3.991932821407405e-15,9.968380367045631e-15
,339,3.8012026473605093e-07,4.8618246445983914e-15,8.559070028956285e-15
,340,3.3474477202053366e-07,3.666303258426914e-15,2.018142455366987e-14
,341,3.454976352637189e-07,4.45238540227548e-15,9.218837557159967e-15
,342,3.605039126284159e-07,4.429532943035672e-15,1.0695116874488278e-14
,343,3.228472710752224e-07,4.0176820652319226e-15,3.047669358763774e-14
,344,3.571662488117983e-07,4.236853462758523e-15,2.966874232705321e-14
,345,3.109830725823964e-07,3.745665319222722e-15,9.886606788805958e-15
,346,3.2799977547757343e-07,3.727399306740393e-15,-6.58930493188974e-16
,347,3.271567114405947e-07,4.085227761674509e-15,7.258366479440726e-15
,348,3.347941320520439e-07,3.7807916368141625e-15,1.78958558488182e-14
,349,3.6820844145749e-07,4.530561228247015e-15,8.62171495926132e-15
,350,3.2621481875580185e-07,3.645180884120767e-15,1.3667085380633185e-14
,351,3.278739369518771e-07,3.6575463630692514e-15,1.2611321832632817e-14
,352,3.399314206276333e-07,3.743415030435512e-15,2.574829679134776e-15
,353,2.961038393270206e-07,3.4478452733570767e-15,-1.4802685377550827e-14
,354,3.0814844838685175e-07,3.560594001040903e-15,2.128576063510712e-15
,355,3.013524091051648e-07,3.257324376902108e-15,-2.351497545082951e-14
,356,3.415678462119811e-07,3.784523270574407e-15,-5.1659780771894305e-15
,357,3.4504978060176e-07,4.093336822236299e-15,-6.696547965444562e-15
,358,3.1317549185390557e-07,3.5037952544293324e-15,3.754189325918738e-15
,359,3.3776980246662575e-07,3.603336643338309e-15,-2.081751732900114e-14
,360,2.9834684472411704e-07,3.688472949745415e-15,-1.4472466752758072e-14
,361,3.3740237471593927e-07,4.136064446354947e-15,9.719406688743122e-15
,362,3.3768862030982805e-07,4.300378873926683e-15,1.3788085263245902e-14
,363,3.164996550711314e-07,4.129220948885747e-15,4.276786955197073e-14
,364,3.255591716190962e-07,3.629137147175135e-15,-1.0769729314090314e-14
,365,3.0144186809252753e-07,3.487279915154411e-15,-1.985686751602686e-14
,366,2.85038085625661e-07,3.0686049790064594e-15,-8.155628796975674e-15
,367,2.7168723696850213e-07,3.102539782044013e-15,-6.675785826134782e-15
,368,2.8965670297317025e-07,3.062093293670698e-15,-5.9349960222604426e-15
,369,2.859573437975168e-07,3.196941837410557e-15,3.228216334482869e-15
,370,2.8873265847588346e-07,2.9501422900569532e-15,7.910256132330671e-15
,371,2.734750735239333e-07,2.8002558823678814e-15,-1.4816001732105022e-15
,372,2.916526715714897e-07,3.1331468136604596e-15,-9.326797819019139e-15
,373,2.635278655070315e-07,2.7452481677839857e-15,1.2217307216501745e-14
,374,2.791896548122413e-07,3.0380486861077678e-15,1.7834581710570866e-14
,375,2.751578444532281e-07,2.8457709479160645e-15,-4.781444018595356e-15
,376,2.760578104204809e-07,3.1275353012302345e-15,3.269675707985715e-14
,377,2.9157245631010784e-07,3.27463378384809e-15,-2.0723414966448067e-14
,378,2.9025138282961274e-07,2.8862869855068407e-15,2.962098860179942e-14
,379,2.656258928255375e-07,2.6536969911541692e-15,2.6822399985257183e-15
,380,2.851479888367349e-07,2.74261586935778e-15,-1.2315236593528735e-14
,381,2.8162591866289797e-07,3.065487968189224e-15,1.8358152839668377e-14
,382,2.67295107174159e-07,2.61513791753179e-15,-1.0117485549713147e-14
,383,2.687672799492595e-07,2.8589405746036216e-15,2.2491812745012412e-14
,384,2.7874819528315453e-07,2.9556153068808307e-15,2.744970506113488e-15
,385,2.7807993714747574e-07,2.9009917175011868e-15,2.6460222470792452e-15
,386,2.66950535028471e-07,2.8138470049536157e-15,1.7254021473660705e-14
,387,2.892830182552243e-07,2.923132613851189e-15,1.9562281757605132e-14
,388,2.7664050109618936e-07,2.6486946291236824e-15,2.290078996772825e-14
,389,3.014565608232351e-07,3.1333338567717773e-15,2.913574961424764e-14
,390,2.900364098388742e-07,2.927507548986007e-15,1.8292138754023713e-14
,391,2.786131587449137e-07,2.782552003119072e-15,2.1300814399856462e-14
,392,2.9842371849435514e-07,3.2922502527284393e-15,1.3269891537856164e-14
,393,2.9857318294749276e-07,2.9050363691509153e-15,-1.4464403444437066e-15
,394,2.801701181459331e-07,3.0258072835734384e-15,2.391703163553437e-14
,395,2.789514671782707e-07,2.7843767819413148e-15,5.119077844903088e-17
,396,2.753940043487422e-07,2.8696765084358497e-15,1.1539822199334299e-14
,397,2.674440745369256e-07,2.478239519497212e-15,5.929475675972998e-15
,398,2.5126216091781387e-07,2.4334352421461557e-15,-3.248034873663438e-15
,399,2.688360504953816e-07,2.5848268174584156e-15,7.330082538049563e-15
,400,2.5005285120132365e-07,2.3135005138069837e-15,9.274795489178394e-17
,401,2.387050047549984e-07,2.051677882284228e-15,-2.119371501118574e-15
,402,2.767105261970227e-07,2.578425282065944e-15,-3.643903169669659e-15
,403,2.4498141281880526e-07,2.354273536320656e-15,-1.3682908503137256e-14
,404,2.41965124248591e-07,2.2618503977051005e-15,1.0445322671330291e-14
,405,2.391447908896834e-07,2.078492038668829e-15,5.755362514746476e-15
,406,2.400249957409251e-07,2.3668142811029596e-15,1.4346992535022266e-15
,407,2.2427826325519945e-07,2.098035233271098e-15,-3.9726181083473914e-15
,408,2.4599217964425576e-07,2.265587512057481e-15,-5.577106631610575e-15
,409,2.478195263633134e-07,2.0894127145300666e-15,9.073925889097375e-15
,410,2.392823190102725e-07,2.4106614153472906e-15,2.5341667398373808e-15
,411,2.442831299377604e-07,2.2365803183612867e-15,9.376607858240493e-15
,412,2.2324373627228454e-07,2.1912092354130055e-15,1.6208522512313124e-14
,413,2.2032931289423146e-07,2.3338197597632204e-15,-1.1867131260996797e-15
,414,2.2475804044925785e-07,2.148975010627513e-15,6.523299389627408e-16
,415,2.1538124623436198e-07,1.9741645266645495e-15,-2.509249290700107e-15
,416,2.2208535380546642e-07,2.1474764127730605e-15,1.6085589361154384e-14
,417,2.2802983195882325e-07,1.9502616631457197e-15,-7.880218826449894e-15
,418,2.1918069130219452e-07,1.9782148121275115e-15,8.975643437958785e-15
,419,2.497045508047453e-07,2.2713461249308082e-15,1.8617957432056892e-14
,420,2.4915469939877906e-07,2.1761790545882627e-15,1.2817903539609738e-14
,421,2.3965309576477483e-07,2.1730670105138184e-15,1.204717963658077e-14
,422,2.2619666586116818e-07,2.1713858171137725e-15,2.3352555008191762e-14
,423,2.2470860584652647e-07,2.263360770370779e-15,3.915440832707731e-15
,424,2.1149619970704062e-07,1.9924853334285254e-15,4.891068179603478e-16
,425,2.4258595595174347e-07,2.2952566574111036e-15,-4.722344300900993e-15
,426,2.3454073166486823e-07,2.1337828693644333e-15,1.6840425538913114e-14
,427,2.4162517971830724e-07,2.3813895104423604e-15,-1.7226093384867325e-14
,428,2.395086902340123e-07,2.1489927215023565e-15,1.3261023625431661e-14
,429,2.311181021246859e-07,1.9757308124449222e-15,4.681852923213584e-15
,430,2.4039202591382646e-07,1.922894773623325e-15,-1.5462415077592644e-14
,431,2.4946777862580325e-07,2.2033454207830973e-15,-1.2612014172393304e-15
,432,2.268060509354371e-07,1.8874205637017133e-15,-7.653770854077659e-15
,433,2.335559318910242e-07,2.088569840576048e-15,6.376247140164843e-16
,434,2.3771784358792641e-07,1.7644792419505473e-15,1.0238242751660129e-16
,435,2.416047205173207e-07,2.026963000484331e-15,3.944643159032991e-15
,436,2.2396943636008973e-07,1.8795461973540803e-15,-2.7454572274839174e-15
,437,2.239239581273309e-07,2.0115152725994403e-15,1.0732233055037706e-14
,438,2.2760838251162036e-07,1.8760639506206498e-15,1.248879969908843e-14
,439,2.0483255529023573e-07,1.8962726620375037e-15,-1.195407730028492e-15
,440,2.2423946271154538e-07,1.8999824722109165e-15,1.171797655189323e-14
141,441,2.326216719564507e-07,1.8616579486905496e-15,5.028532516332807e-15
142,442,2.3152484155994874e-07,1.9273274440031754e-15,7.913273870124602e-15
143,443,2.28694170533111e-07,1.8330050079966016e-15,1.9183566304585142e-14
144,444,1.9539635951124793e-07,1.544565375712424e-15,1.0567558793069946e-15
145,445,2.0638250164364987e-07,1.7934119221689815e-15,4.8391311673594096e-15
146,446,1.9450821000383037e-07,1.6687537274970941e-15,4.487910982507858e-15
147,447,2.2271376615897214e-07,1.990181696977035e-15,1.933866259001657e-14
148,448,2.1993916909454246e-07,1.7827081669318206e-15,-2.939278628014135e-15
149,449,2.227028541489495e-07,2.2391622976034834e-15,-3.67884477268439e-15
150,450,2.1407694065008967e-07,1.7572884622898925e-15,1.2158381042942349e-14
151,451,2.1872024692260058e-07,1.911068091181614e-15,5.598324190415374e-15
152,452,2.3919547318478015e-07,2.0627206060745205e-15,1.593288393707739e-14
153,453,2.1564758831897462e-07,1.908173024378347e-15,4.781087109110281e-15
154,454,2.260501271211184e-07,1.869682823686089e-15,1.666723355975843e-14
155,455,2.3593736802808924e-07,2.00445467438225e-15,1.0211267410790908e-14
156,456,2.280516023473262e-07,1.8993807427202188e-15,5.9424011098066726e-15
157,457,2.2430504813992332e-07,1.6865364347523184e-15,1.1537871644776337e-14
158,458,2.0516427456520114e-07,1.6679107632510782e-15,-4.7049599989883504e-15
,459,1.9112533927684798e-07,1.4828488540163512e-15,8.983755350387117e-15
160,460,1.9252745493967704e-07,1.5528459491615025e-15,6.6028867821071896e-15
161,461,1.9508749106789746e-07,1.6659688398071059e-15,2.1134772904612472e-15
162,462,1.9702317788694833e-07,1.5625988913659154e-15,7.872576528122592e-15
163,463,2.2366162873727022e-07,1.7012494127527602e-15,7.872535507643486e-15
164,464,2.176391396260243e-07,1.7203143443159952e-15,2.031749046240161e-14
165,465,1.9939328314425573e-07,1.5186709247083158e-15,1.5175787123639523e-14
166,466,2.2055133802279255e-07,1.846631970834028e-15,1.6139431573378115e-14
167,467,2.101711754108289e-07,1.4882215004353586e-15,6.151913003029774e-15
168,468,2.017597030295975e-07,1.5867883822836048e-15,-2.759438462826766e-15
169,469,1.94138166032775e-07,1.3601882602359274e-15,1.7512138515932957e-15
170,470,2.141083412991282e-07,1.7484111810582898e-15,-9.139707054932736e-15
171,471,2.0237683679285534e-07,1.4386685794689712e-15,-2.9223370856249504e-15
172,472,2.0023573713680548e-07,1.6011861133492364e-15,1.5288494502805095e-14
173,473,1.882627762728856e-07,1.3838148548328216e-15,2.7362930220225222e-15
174,474,2.0642460649041707e-07,1.546152939548136e-15,-6.282290921397586e-15
175,475,1.8844751487130047e-07,1.4307837437523785e-15,3.0515521878462422e-16
176,476,1.9009907519726248e-07,1.3749770449402032e-15,-2.207930452817921e-15
177,477,2.050630844005947e-07,1.3931036926488238e-15,2.2849091478744554e-15
178,478,1.947977692702348e-07,1.4627178604117972e-15,-2.2603925159525188e-15
179,479,1.8489777105395016e-07,1.4017119865988224e-15,-1.3250976641256731e-15
180,480,1.936248701319784e-07,1.3986400111499884e-15,-4.034928015852749e-15
181,481,1.8862615048855712e-07,1.3757640785704907e-15,-3.971335238399764e-17
182,482,1.8736004470165036e-07,1.4170999559147963e-15,-7.494128543804467e-17
183,483,2.0117287121179993e-07,1.6009576060558121e-15,-1.058543590402451e-15
184,484,1.9235973054673503e-07,1.3943005751115434e-15,-1.3130305909029299e-14
185,485,1.8269841718506147e-07,1.3824291279918199e-15,9.128476966899957e-15
186,486,1.7458260744250886e-07,1.1495718205303781e-15,5.429781769743221e-15
187,487,1.9127102022975608e-07,1.4260744438995368e-15,7.13792129695751e-15
188,488,1.9790052378334283e-07,1.338493879465742e-15,4.651172634934681e-15
189,489,2.0115802709623472e-07,1.4550968645701853e-15,1.0588555330135312e-14
190,490,2.1587309550938146e-07,1.60718150736715e-15,6.162602427421062e-15
191,491,1.9875642980871734e-07,1.4592754553454096e-15,4.470960613505319e-16
192,492,1.8954242745008613e-07,1.2855189906518145e-15,-8.457575116367634e-15
193,493,1.851272351346919e-07,1.3443103905485635e-15,1.092141017145447e-14
194,494,2.0159080594915797e-07,1.4170474242060122e-15,6.753106569285008e-16
195,495,1.8733334281307944e-07,1.3110598125141185e-15,8.433279804767061e-15
196,496,2.1477255673388035e-07,1.4757941495673407e-15,3.8466815208538585e-15
197,497,1.9742499459634308e-07,1.3102430553155822e-15,7.472379335876086e-15
198,498,1.840515068404237e-07,1.313489841332605e-15,1.007083529966808e-14
199,499,1.831961005485595e-07,1.4361278517831977e-15,1.518777087859164e-14
200,500,1.880029244136151e-07,1.3250571127726084e-15,1.1665759006041907e-14
201,501,1.8685918750607355e-07,1.2814440555590869e-15,-7.773730866148973e-17
202,502,1.802176725623675e-07,1.274196394166229e-15,8.62991233236145e-15
203,503,1.6616639831077037e-07,1.2376197380834757e-15,2.0919730915307008e-15
204,504,1.8058850357129675e-07,1.3193511321861302e-15,-3.4143441262646918e-15
205,505,1.6804609075859848e-07,1.1236040879968333e-15,9.464902190050273e-15
206,506,1.7884709248701515e-07,1.2859325735883645e-15,2.3884245340201498e-15
207,507,1.7460572267166353e-07,1.1790741789203402e-15,-3.9350353805865025e-15
208,508,1.796761431369268e-07,1.1974576889974538e-15,4.294826465420423e-15
209,509,1.6526930202052735e-07,1.1700438919100128e-15,8.89346032170409e-15
210,510,1.7247264167300662e-07,1.1433854910389523e-15,8.334093825412962e-15
211,511,1.653586760812681e-07,1.0938087941762037e-15,8.252735699491708e-15
212,512,1.6382255444069218e-07,1.081626170042839e-15,5.76605250881083e-15
213,513,1.595786270573684e-07,9.829630427232083e-16,8.321176621130992e-15
214,514,1.7742209049664702e-07,1.2078789447118743e-15,9.941817496106892e-15
215,515,1.790135683753102e-07,1.1343120599248503e-15,-2.9188667532141556e-15
216,516,1.605175749401016e-07,1.0423219039172178e-15,-1.840112476000104e-15
217,517,1.7954554936014757e-07,1.1729913873544622e-15,2.2395637794456806e-15
218,518,1.6143147741675614e-07,1.0216863885497975e-15,4.0437546199346155e-15
219,519,1.6260204072031084e-07,1.1125303077361286e-15,2.645265097871669e-15
220,520,1.6885022334688995e-07,1.1513759675984504e-15,-1.4092072275882479e-15
221,521,1.7759752399162977e-07,1.2239513268365891e-15,3.787447764217348e-15
222,522,1.6750933980910168e-07,1.1704302563784935e-15,1.3252643411612111e-15
223,523,1.6201302836061507e-07,1.112998295979517e-15,-4.468407437339751e-15
224,524,1.8267978154547886e-07,1.3266873708585857e-15,-3.315949677002411e-16
225,525,1.6034138345386257e-07,1.0834150510335272e-15,-4.900662807491212e-17
226,526,1.7801091247729588e-07,1.2228864062114362e-15,5.700995878834091e-15
227,527,1.7725342446964555e-07,1.1714254063687977e-15,8.201367607954265e-15
228,528,1.87236189187886e-07,1.2393492231601364e-15,-2.0912444004606656e-15
229,529,1.8699768236810832e-07,1.1775561721438986e-15,8.751750887910462e-16
230,530,1.7686195645374275e-07,1.1455738507667299e-15,7.665605428516198e-16
231,531,1.7099098885229232e-07,1.1216090507614814e-15,9.000496263366615e-16
232,532,1.7534304231858866e-07,1.0762722141232192e-15,6.757721690739923e-15
233,533,1.5565234831721137e-07,9.88868427840978e-16,4.324407572319027e-15
234,534,1.711762807845423e-07,1.0739663216775814e-15,-7.035608558577889e-15
235,535,1.5815627570620334e-07,1.0259210696293925e-15,6.930066129463384e-15
236,536,1.5236125916239407e-07,9.72317165825184e-16,1.7137815156532663e-15
237,537,1.6886398798081114e-07,1.0441954301697797e-15,1.1961049012657317e-14
238,538,1.6672975971284287e-07,1.0656742933695046e-15,-6.588556351884615e-16
239,539,1.5992947611351666e-07,9.041247896626617e-16,1.9283001697742144e-15
240,540,1.601588182162431e-07,9.492673896207086e-16,6.667461109232116e-15
241,541,1.5828697939477418e-07,1.0517939896003782e-15,-2.6647380487433875e-15
242,542,1.511609922390333e-07,8.949999530352965e-16,3.116730132905086e-15
243,543,1.536367767716834e-07,9.58502720244121e-16,-3.1095786339145323e-15
244,544,1.6179001281388242e-07,9.72124636523461e-16,-1.7158784380924906e-15
245,545,1.5615364280236774e-07,9.895147198615856e-16,4.200473659234274e-15
246,546,1.547609775297918e-07,9.307458671100987e-16,3.1173709240985507e-15
247,547,1.5160972408921978e-07,9.794306275037188e-16,-3.968430361968002e-15
248,548,1.6761514359163952e-07,9.94675744426005e-16,-4.393196620757304e-15
249,549,1.6125170736048347e-07,9.514837574055388e-16,-3.926608908209083e-16
250,550,1.5987826832481883e-07,9.469560661861305e-16,-4.241269070378293e-15
251,551,1.6372700780918806e-07,9.284243276434731e-16,-2.5272679191107756e-15
252,552,1.62613193949283e-07,9.623622461142316e-16,1.4178681525097113e-15
253,553,1.630927376977502e-07,9.228905328940877e-16,5.27976058716321e-15
254,554,1.690928480669189e-07,9.964430711421605e-16,1.2674295658246253e-15
255,555,1.4171909091544262e-07,7.935990413252654e-16,1.4021962981033586e-15
256,556,1.587961002513532e-07,8.832621545178e-16,-4.307135515900899e-15
257,557,1.474845564438249e-07,7.736412030300035e-16,-1.42306535456911e-15
258,558,1.439035680632476e-07,8.62833327292398e-16,-3.3626750152609564e-16
259,559,1.5952382077542383e-07,9.424394740640198e-16,-8.798086451510408e-15
260,560,1.5444753612392218e-07,8.132039031542283e-16,2.8399723716593707e-15
261,561,1.5521563509096147e-07,8.2974019016300185e-16,2.268471758287577e-15
262,562,1.5259214567957492e-07,8.506386437945594e-16,2.0062147745815655e-15
263,563,1.5872376668344096e-07,8.495028562312174e-16,9.697826548135583e-16
264,564,1.6281056415922318e-07,9.853051991369218e-16,1.214635888248504e-15
265,565,1.5043528838049972e-07,7.917836623929549e-16,2.2776001727529618e-15
266,566,1.4924292779409228e-07,8.691202371376794e-16,-4.227357293715558e-15
267,567,1.4811957761185452e-07,8.07348392609863e-16,1.9615264588522504e-15
268,568,1.4497961988428303e-07,8.167359210763371e-16,-2.23234952494315e-15
269,569,1.5165961009991213e-07,7.608778917113004e-16,-6.563397486071603e-16
270,570,1.5811250675757538e-07,9.615435086029445e-16,4.1076281954663016e-15
271,571,1.5557952067943676e-07,8.529731843905349e-16,-5.088387551111213e-15
272,572,1.7125322204857942e-07,9.20924534905235e-16,9.875653584712771e-16
273,573,1.5252595146137054e-07,8.54582942747373e-16,5.548466027942218e-15
274,574,1.534187391187777e-07,8.272196459602938e-16,-5.0409830156836635e-15
275,575,1.5177037577909527e-07,8.08075182878831e-16,3.538159033990275e-15
276,576,1.4378786592314463e-07,7.682748743635665e-16,1.3917044318183312e-15
277,577,1.4996830688927663e-07,8.41883372903955e-16,1.9256506709862674e-15
278,578,1.3982013905692537e-07,7.391546761534404e-16,5.964894029768774e-15
279,579,1.447950002001648e-07,8.772473821487822e-16,-9.820646716291589e-16
280,580,1.4879778195801926e-07,7.683487489270592e-16,7.451578659082849e-16
281,581,1.6403753493567765e-07,8.989181244723362e-16,8.288080634774656e-17
282,582,1.5969381792810432e-07,8.1701254582464e-16,6.348364999975277e-15
283,583,1.665267327337174e-07,9.045462298180332e-16,2.54962504089541e-15
284,584,1.516355141678334e-07,8.332054508269274e-16,-1.9394668255700002e-15
285,585,1.585898755994437e-07,7.8065445668047475e-16,9.24676562055752e-15
286,586,1.3225823488113825e-07,7.142721300696334e-16,2.7196227416535023e-16
287,587,1.3137673838544933e-07,6.678303966598447e-16,2.8818200554244087e-15
288,588,1.3909557216220308e-07,6.623193240863362e-16,1.2180848311377007e-15
289,589,1.4000806311870876e-07,7.595762167538929e-16,-1.4983108878599871e-15
290,590,1.4156666254530407e-07,7.079081511973511e-16,4.3035230026432485e-15
291,591,1.492473128695887e-07,8.649299728031059e-16,-4.314793030013048e-17
292,592,1.449506499640996e-07,7.638908233763258e-16,6.263218328831952e-15
293,593,1.4583379804773157e-07,8.028772965236059e-16,-3.4116893315168822e-15
294,594,1.399323696758706e-07,7.547191992680649e-16,2.800978615026496e-15
295,595,1.4604317516446273e-07,7.70660329712989e-16,8.207191493708303e-16
296,596,1.3524235351642347e-07,7.036582037121751e-16,3.3498398321059514e-15
297,597,1.3656562929665e-07,7.013917988692003e-16,-1.598329437188629e-15
298,598,1.3736031602504122e-07,7.47816858834724e-16,-5.400391677569196e-15
299,599,1.3251438585441443e-07,6.554946065466574e-16,2.964149629856019e-15
300,600,1.3944670733237339e-07,7.72194194271935e-16,1.2991598362341642e-15
301,601,1.379659253102516e-07,6.332903778834241e-16,4.343982556726093e-15
302,602,1.424285531037207e-07,7.598454794110702e-16,1.826342552108233e-15
303,603,1.3958725450636952e-07,7.052858284107764e-16,9.869208728999057e-15
304,604,1.366478330782665e-07,7.311017303473206e-16,7.908546561045538e-15
305,605,1.4138065698405668e-07,7.018394526759609e-16,9.36736737085871e-16
306,606,1.3836748728111216e-07,7.075202246780994e-16,-7.451399842444102e-16
307,607,1.3256087926938904e-07,6.256531578621712e-16,4.1026539145235594e-16
308,608,1.4277924533535072e-07,7.126450726138513e-16,-5.489860178790385e-15
309,609,1.4289304730556774e-07,6.958373890925925e-16,5.9015992629504964e-15
310,610,1.3792882481022845e-07,7.373734168519241e-16,-7.340846322127009e-16
311,611,1.4014046172374552e-07,7.031519289528165e-16,-1.4425819585541512e-15
312,612,1.4344747502642568e-07,7.082142850368726e-16,3.7998448753876265e-16
313,613,1.4548131047242756e-07,7.102515268189383e-16,2.4489327443452814e-15
314,614,1.2977506629092788e-07,6.472162853221063e-16,-1.9042605507780837e-15
315,615,1.5016831855316486e-07,7.462097314396594e-16,-5.55092449849993e-16
316,616,1.3919503127805305e-07,6.455759719067164e-16,2.0372305644663755e-15
317,617,1.3383700184390442e-07,6.437448321371391e-16,-2.395169797044257e-16
318,618,1.502471052494999e-07,7.2119553927950955e-16,4.511759263537413e-15
319,619,1.407395533713804e-07,6.959980831020773e-16,2.7063473784843676e-16
320,620,1.3783389211035693e-07,6.204033606061442e-16,4.697826907742794e-15
321,621,1.3685699683837156e-07,6.636643016511133e-16,2.3336151933612124e-15
322,622,1.3506121608724983e-07,6.14900166454866e-16,1.6096831008704893e-15
323,623,1.302696498058174e-07,6.385690590815589e-16,4.325219178794861e-15
324,624,1.2744272610902248e-07,6.1071193564921405e-16,-3.3352703001333232e-15
325,625,1.2908748875342484e-07,5.676694329690695e-16,-2.1759261126002214e-15
326,626,1.2208114370501896e-07,6.042988306643706e-16,1.3849589378313862e-15
327,627,1.285769297247581e-07,5.782431449928765e-16,4.789670184281974e-17
328,628,1.2081838107568496e-07,5.673483196646973e-16,-9.517874074913514e-16
329,629,1.2553197051752028e-07,6.314201037677754e-16,-1.692374175772775e-15
330,630,1.2440152652682972e-07,5.853687776966672e-16,-2.072898883842317e-15
331,631,1.307876958988977e-07,6.243124064480396e-16,3.607380141129251e-16
332,632,1.2532121531728253e-07,5.916408220596575e-16,-7.559434745016233e-16
333,633,1.3369307467519872e-07,6.47346330127309e-16,4.706829683092233e-15
334,634,1.2912884365947998e-07,6.151229911429651e-16,7.89749853262621e-16
335,635,1.3051740452530396e-07,6.006325476355359e-16,2.7830440499960754e-15
336,636,1.2873710598836313e-07,6.186851816175557e-16,1.0682159287385266e-15
337,637,1.280596038376624e-07,6.224447062810064e-16,3.016081264667847e-15
338,638,1.2619870919271641e-07,5.858586595010258e-16,4.2238965626615e-15
339,639,1.2435672540163194e-07,6.05530862437846e-16,1.5258751328349659e-15
340,640,1.3527087699984573e-07,6.222132993601865e-16,1.0407159032381898e-15
341,641,1.2488762057728757e-07,5.637852877541396e-16,-4.3962385503585795e-16
342,642,1.2600790034328605e-07,6.146946051841481e-16,-2.0166732898512724e-15
343,643,1.2589275814502803e-07,6.222536017843182e-16,2.3626436407303134e-15
344,644,1.2523958578589388e-07,5.563814967169011e-16,2.0561371738359423e-15
345,645,1.2887247606638927e-07,6.339239560201498e-16,8.623544770184813e-16
346,646,1.2831244547619477e-07,5.849494769967231e-16,2.657773589251537e-15
347,647,1.2032889876277913e-07,5.37267532551639e-16,2.773276683383028e-15
348,648,1.3092686268907848e-07,5.855562574592097e-16,5.410969749756375e-15
349,649,1.222459283495456e-07,5.476276446661594e-16,-2.0832613241722658e-16
350,650,1.204138738263606e-07,5.03752076801637e-16,3.526792026590444e-15
351,651,1.2031435184995373e-07,5.579900561227279e-16,3.5427398228995767e-15
352,652,1.2219367465537853e-07,5.512600537696394e-16,2.71541229079058e-15
353,653,1.3007309806251158e-07,5.881259659362428e-16,3.845236186687132e-15
354,654,1.229086278503545e-07,5.109853817414046e-16,2.251737455818384e-16
355,655,1.2741624084902173e-07,5.860562397056231e-16,2.393209067956311e-15
356,656,1.2551557955099872e-07,5.576991634963214e-16,5.479591432310556e-16
357,657,1.2294455056932483e-07,5.386561608013112e-16,-9.881267751557164e-17
358,658,1.250717657721919e-07,5.736563956789186e-16,5.365244384692366e-15
359,659,1.2140154319722895e-07,5.215423134433976e-16,7.059195699454572e-16
360,660,1.1932166410261152e-07,4.792472459642513e-16,1.8058987114860367e-15
361,661,1.1717884034460393e-07,4.879956893344754e-16,2.4604866273966988e-15
362,662,1.099304077541446e-07,4.580006564383698e-16,2.5752642637617684e-15
363,663,1.1503761712921559e-07,4.713021439198779e-16,2.441108555027237e-15
364,664,1.3387417311529563e-07,6.076188744892965e-16,2.5164783984873637e-16
365,665,1.1782990583817148e-07,4.901380056953975e-16,-5.626125643055963e-18
366,666,1.2830306644566364e-07,5.46063354884399e-16,-1.677831909149389e-16
367,667,1.2171613855638585e-07,5.172588968101468e-16,1.5031732342106022e-15
368,668,1.2373056508335068e-07,5.454835537788207e-16,-1.9325813997561845e-15
369,669,1.1437449544988634e-07,4.546123212584712e-16,1.720376028572498e-15
370,670,1.182362348237528e-07,5.171677264474308e-16,4.919479750808759e-15
371,671,1.1899575281542222e-07,4.578253355281021e-16,-3.1416892070604172e-15
372,672,1.193725163022931e-07,4.895520584757471e-16,2.525484764858149e-15
373,673,1.302984713287426e-07,5.284556108107252e-16,4.813332727689183e-15
374,674,1.2265563114009493e-07,5.35826113360113e-16,2.958789146364686e-15
375,675,1.2239395448517102e-07,5.067515912351512e-16,2.1307416605261865e-15
376,676,1.260181706728501e-07,5.209570856295641e-16,9.856357575035577e-16
377,677,1.1852211468950205e-07,5.082290736674072e-16,2.812191752873168e-15
378,678,1.1358551570336209e-07,4.3561416422246796e-16,1.2945987749269669e-15
379,679,1.1835977715319503e-07,5.087245012419093e-16,-8.193017377757159e-16
380,680,1.2307952641197416e-07,4.937641786412881e-16,-7.712949252443913e-16
381,681,1.1979353895012645e-07,5.003149918858487e-16,4.230369362083727e-15
382,682,1.2297436449897435e-07,5.031903086456007e-16,-3.4709858709387807e-15
383,683,1.260982846521777e-07,5.200436567795902e-16,5.228884938561312e-15
384,684,1.1875935768875913e-07,5.0907890411049275e-16,1.099640979417208e-15
385,685,1.1676533567985048e-07,4.693259206784807e-16,3.094059008120671e-15
386,686,1.1797656779161557e-07,5.052874681720701e-16,5.626271989246409e-15
387,687,1.2172979426867013e-07,5.101453738604422e-16,-1.3198270492039645e-17
388,688,1.1768277230061246e-07,4.915862026006383e-16,5.9142807660026645e-15
389,689,1.2032050119555738e-07,4.647902446646932e-16,-2.0162470544357287e-15
390,690,1.118931776103777e-07,4.841871670493434e-16,5.091383592655023e-16
391,691,1.19402372437396e-07,4.729374520223697e-16,1.6919836091887497e-15
392,692,1.1702703495046729e-07,4.780318976853357e-16,3.627097087112117e-15
393,693,1.1818540275378637e-07,4.494387504672517e-16,-3.460470780239516e-16
394,694,1.25528461982125e-07,5.166553814736548e-16,-2.1915877667412663e-15
395,695,1.1350701169779213e-07,4.742008715164693e-16,6.790091886689823e-16
396,696,1.1151324611429988e-07,4.569571542495932e-16,-1.2963373658957833e-15
397,697,1.0779600099513742e-07,4.256535825250826e-16,1.9941137308079514e-15
398,698,1.1435094740981088e-07,4.503409695911303e-16,-1.8150652309798573e-15
399,699,1.052333259614568e-07,4.216450416031187e-16,9.431272247851761e-16
400,700,1.101232472035055e-07,4.004928511391302e-16,1.2537507241553942e-15
401,701,1.0754287041374848e-07,4.4165133325283855e-16,5.60362417064363e-15
402,702,1.1394688170540336e-07,4.3914481861694756e-16,2.578702068601991e-15
403,703,1.1163232312348287e-07,4.608815632175219e-16,5.212199721560394e-15
404,704,1.1380865611373858e-07,4.363636281514973e-16,9.971129810244615e-16
405,705,1.1257082323738545e-07,4.3627349532225594e-16,3.0722598272819143e-15
406,706,1.1868676001789137e-07,4.59828790142882e-16,-8.568111502715379e-17
407,707,1.1470843421868036e-07,4.203796430098707e-16,1.4364952339468664e-15
408,708,1.1308716746413007e-07,4.1055384003693297e-16,5.201686359729544e-16
409,709,1.1591735984767264e-07,4.380353605220028e-16,4.3739829942192424e-16
410,710,1.1076303620948596e-07,3.890438390475819e-16,3.145952209640937e-16
411,711,1.202654170531372e-07,4.825327989097567e-16,9.270011281364047e-16
412,712,1.1280998481412819e-07,3.9365551128362563e-16,-3.491238067144831e-16
413,713,1.0465014334580757e-07,4.1934825156361685e-16,8.094591161784131e-16
414,714,1.1085604304989029e-07,4.101312661521189e-16,6.463319183658281e-16
415,715,1.0451376741847176e-07,4.0219055950758507e-16,-3.268872425168867e-16
416,716,1.0989197339808681e-07,4.0131617591453387e-16,-1.2567111435059801e-15
417,717,1.1438697942870149e-07,4.2810926837828293e-16,2.071372323148657e-16
418,718,1.0921088170587757e-07,4.0085574296947784e-16,-2.073061736518802e-15
419,719,1.1163484070503285e-07,3.96679921908099e-16,3.006826650547061e-16
420,720,1.0672273066841768e-07,3.851732844399692e-16,9.054198224058493e-16
421,721,9.947883838003547e-08,3.6575512524803423e-16,3.54474048100666e-16
422,722,1.0764035405777785e-07,4.545406674076287e-16,7.994596115191254e-16
423,723,1.1136200422108529e-07,4.0144673245554487e-16,4.390694996085797e-15
424,724,1.0697774148573724e-07,4.0917317165741646e-16,4.309286403317769e-15
425,725,1.0628190427038848e-07,3.6143175543727523e-16,3.612881190946277e-15
426,726,1.0950578449931464e-07,4.031106570014545e-16,1.883658925715352e-15
427,727,1.1160159190385662e-07,3.867656560102741e-16,2.3501183497031693e-15
428,728,9.824013463763887e-08,3.7346449118826896e-16,1.4289677555363166e-15
429,729,1.0766945266345438e-07,3.852998090074409e-16,-5.444271834706874e-16
430,730,1.0496047683720954e-07,3.902561900717296e-16,1.587170673067182e-15
431,731,1.0319276178108864e-07,3.745427243754625e-16,1.4116662946968054e-15
432,732,1.0761224900911688e-07,3.8900909009365776e-16,2.7590970438612512e-15
433,733,1.012622802639096e-07,3.5410383954970787e-16,2.410534745274706e-16
434,734,1.0729495362772403e-07,3.460208923440515e-16,1.9826356770319765e-15
435,735,1.144974646071296e-07,3.9043160930919167e-16,5.349879478429174e-16
436,736,1.0508028981018589e-07,3.524278067890615e-16,8.956015693390962e-16
437,737,1.0885840686752582e-07,3.679994900381051e-16,-2.431257699790871e-16
438,738,1.1040876735510241e-07,3.7661791718082064e-16,3.559426965193093e-15
439,739,1.0889867109047901e-07,3.733341280719358e-16,-5.530599624374453e-17
440,740,1.0789185895927204e-07,3.9532390997731815e-16,5.287243658827639e-16
441,741,1.1056310410952126e-07,3.634611234203402e-16,-2.1336604167941136e-16
442,742,1.1277291890768002e-07,3.789185936088612e-16,-2.7013395802837296e-16
443,743,1.1580371383050265e-07,4.0420958196778246e-16,-1.7678560462972672e-15
444,744,1.0956704620000917e-07,3.8810013083620998e-16,3.0527015731265384e-15
445,745,1.101974129231786e-07,3.9523273807470737e-16,1.4208175820321204e-15
446,746,1.0857605184517954e-07,3.7808223135991057e-16,1.6522077816101317e-15
447,747,1.071440674102831e-07,3.7028326828925817e-16,2.2082079877790028e-15
448,748,1.0969752742220599e-07,3.7615634531160193e-16,5.725876392358859e-16
449,749,1.1555622849862097e-07,4.0553257515865322e-16,1.1153412474675426e-15
450,750,1.0902901108552914e-07,3.803289784070249e-16,4.007806453683608e-16
451,751,9.473202938125554e-08,3.3743690239828426e-16,-4.817922959187232e-16
452,752,9.942503538386239e-08,3.244261819022725e-16,9.916970799373217e-17
453,753,1.0324083242257732e-07,3.7440999844361037e-16,-1.4470165408716509e-15
454,754,1.011555949670349e-07,3.5500834571402224e-16,-1.3334497036555162e-15
455,755,1.1008020297707799e-07,3.908795418482996e-16,4.4299670007362424e-16
456,756,1.0996478419734092e-07,3.64242332683073e-16,1.7287411836977835e-15
457,757,1.0761649121564847e-07,3.587817685294311e-16,5.21790251023843e-16
458,758,1.0804462475326304e-07,3.698603400962436e-16,5.467950027239213e-15
459,759,1.0594519129160652e-07,3.6118672033252805e-16,1.9271183230484196e-15
460,760,1.0547198376661615e-07,3.0737937522138907e-16,1.2744637693185314e-15
461,761,1.0174398578565743e-07,3.472713107470238e-16,5.696452497853265e-16
462,762,9.821237937049816e-08,3.274624328149965e-16,1.1036189164284326e-15
463,763,9.971730494652048e-08,3.1653747693516324e-16,2.3996363984606353e-15
464,764,9.117788355603852e-08,2.92050451238315e-16,-6.039950804455136e-16
465,765,9.943898684174627e-08,3.313857513252769e-16,1.7193546251367184e-15
466,766,9.743358948647958e-08,3.1758448887813675e-16,-1.9767200725812277e-16
467,767,9.983440759663307e-08,3.2103473225573765e-16,2.1981272774857368e-15
468,768,1.0826626537795811e-07,3.1950871002507066e-16,5.673719162490246e-16
469,769,1.0310111187557782e-07,3.2549101619285665e-16,-3.227440183815115e-15
470,770,9.834912659518237e-08,3.3507581923269494e-16,2.434661945423112e-15
471,771,9.672967713286332e-08,3.0690431256564613e-16,-1.9234867616416063e-15
472,772,9.568060498012485e-08,3.2819726877604556e-16,2.3371802236715553e-15
473,773,9.524695311002605e-08,2.9905449956587843e-16,9.224326462945858e-16
474,774,9.888422024276487e-08,3.4372503956356297e-16,3.4052132582157988e-15
475,775,1.0425043255162501e-07,3.4861645701926957e-16,2.981904155616572e-15
476,776,9.846522390039142e-08,3.080838383419521e-16,1.1608744678054546e-16
477,777,1.0521853685212771e-07,3.4021313675181906e-16,1.2362720005426701e-15
478,778,9.621972643121399e-08,3.151191405462242e-16,3.0867828639786408e-15
479,779,1.010085720886951e-07,3.192478056701151e-16,1.3372517919224898e-15
480,780,1.0103463120213335e-07,3.6147881763069505e-16,3.929820873065902e-15
481,781,1.0622836896583678e-07,3.3430081366023407e-16,-4.295832848585145e-17
482,782,1.014090251535434e-07,3.492373914191122e-16,2.4156886817604747e-15
483,783,9.17927286358348e-08,2.939006296643666e-16,-1.5035838484800495e-16
484,784,9.484281502397579e-08,2.9158028602539133e-16,-8.746461661655966e-16
485,785,8.907026421261168e-08,2.8602711726029886e-16,1.299536603247279e-15
486,786,9.558120301629442e-08,3.228869405558568e-16,2.3199884983780222e-15
487,787,9.598230471573912e-08,2.9689235297050647e-16,1.6314627449290145e-15
488,788,9.064452730633872e-08,2.7591154914259546e-16,1.9729546547438e-15
489,789,9.425494826961088e-08,3.1111195055051263e-16,1.0815143072915038e-15
490,790,9.82275485786585e-08,3.3029793927113166e-16,1.278182601181968e-15
491,791,9.443180216256933e-08,3.0068366725337444e-16,5.365971303433542e-16
492,792,9.341320050340828e-08,2.8720221904263166e-16,2.1862853367792867e-15
493,793,9.690753243257911e-08,2.9554708322750416e-16,-7.248833270250423e-16
494,794,9.308128446404003e-08,2.966100362087933e-16,3.198172893670195e-15
495,795,8.996268585624127e-08,2.8126503688467566e-16,1.3876138133351376e-15
496,796,9.433141333821159e-08,2.7937453362228945e-16,-1.4416669431965502e-15
497,797,1.0040984584514863e-07,3.1632122824014836e-16,4.431808723035744e-15
498,798,9.620419203619216e-08,2.989740797915559e-16,2.0768910209682415e-15
499,799,9.685799586172999e-08,2.9208290564587974e-16,-6.700220635071608e-16
500,800,9.50618364332271e-08,2.870591662537593e-16,1.1258092763641527e-15
501,801,9.4576602793191e-08,2.888240848236137e-16,3.7312919121481647e-16
502,802,9.26519539190764e-08,2.903394956942709e-16,-3.6927463637630534e-16
503,803,9.084394532592822e-08,2.6067886710160763e-16,-9.948767947194638e-16
504,804,9.121476347509722e-08,2.768536476050861e-16,1.340358134494008e-15
505,805,9.232917385998057e-08,2.650823205381857e-16,1.2525010444494488e-15
506,806,8.949485258194126e-08,2.738475175979547e-16,2.829093323132665e-16
507,807,9.773739245957845e-08,2.9407440988742576e-16,1.0524812814738869e-15
508,808,9.350460971042104e-08,2.693618647624697e-16,1.1525688055582934e-15
509,809,1.0074879788030005e-07,3.0691884304441626e-16,4.925617770582999e-15
510,810,1.021597191434475e-07,2.9242787265130243e-16,3.228361741812726e-17
511,811,1.0040128162657623e-07,2.8393053326189055e-16,1.7388755145040544e-15
512,812,1.0379571157329351e-07,3.2532714287028517e-16,-9.156006107940394e-17
513,813,1.0012683173218504e-07,2.87734006764489e-16,-5.756645409013713e-16
514,814,1.0030323210066158e-07,2.9096270009383146e-16,2.7760116772522295e-15
515,815,1.0172780733293921e-07,2.930780031753184e-16,8.38064285723109e-17
516,816,1.025453177171498e-07,3.044352100538684e-16,7.24818886041538e-16
517,817,9.681796121044384e-08,2.8851572457236036e-16,-1.198530407961006e-16
518,818,9.617288056663543e-08,2.883485334292887e-16,1.858521012320056e-15
519,819,9.776043346060309e-08,2.8551841419091033e-16,8.740251363056645e-16
520,820,9.635724632956804e-08,2.9742317847092535e-16,9.234442830562863e-16
521,821,9.897325480811203e-08,2.6620665096690405e-16,9.678689873009558e-17
522,822,9.673882478977344e-08,2.799559973415657e-16,1.1174376005906889e-15
523,823,9.241362091560076e-08,2.603154152507718e-16,-3.325672765761274e-16
524,824,9.136646088284178e-08,2.589137052064306e-16,2.0684713095688686e-15
525,825,9.840370748374309e-08,3.019849170548506e-16,-4.4280478145623437e-16
526,826,9.536471698008498e-08,2.775395822086016e-16,4.5531367611855795e-16
527,827,9.704722669111306e-08,2.937796207022257e-16,9.555001947317282e-17
528,828,8.927848250241394e-08,2.4841688411462612e-16,1.0043750086357537e-15
529,829,8.948809966655176e-08,2.5177309083589075e-16,-5.2244967188797045e-16
530,830,8.631551373342232e-08,2.572238945636278e-16,2.487578286323688e-15
531,831,9.297216929460808e-08,2.7431828802528236e-16,8.537128275721267e-16
532,832,9.309632271436852e-08,2.7478423085150803e-16,2.9506228636389283e-15
533,833,9.548608701585779e-08,2.595675257671454e-16,8.97427704940717e-16
534,834,9.228424482790458e-08,2.66568688618367e-16,1.3018118236916827e-15
535,835,9.285926362998177e-08,2.702445843297259e-16,1.1163065692527709e-15
536,836,8.841971729856731e-08,2.6837492686164864e-16,1.0597227095817894e-15
537,837,9.030305088036845e-08,2.5832659916222333e-16,-2.895799664311693e-16
538,838,8.450980593046846e-08,2.435904377888503e-16,4.92391889751171e-16
539,839,9.035605170939204e-08,2.687973208172379e-16,3.4929676805524587e-15
540,840,9.264265568617698e-08,2.555149191511548e-16,-7.907943647305497e-17
541,841,9.468443816685964e-08,2.725896262621148e-16,1.3307314890195784e-15
542,842,9.006217701946986e-08,2.4606409877602176e-16,1.7106199970101087e-15
543,843,8.300988070036111e-08,2.135959533319218e-16,6.772035279138119e-16
544,844,9.208049717030785e-08,2.6165724960882744e-16,1.8960733948462867e-15
545,845,8.912350623789073e-08,2.4296578597084786e-16,1.0290670995593203e-15
546,846,9.193286321079864e-08,2.6123783279485424e-16,1.416231429329861e-15
547,847,9.534318692591257e-08,2.592827415306338e-16,1.3235143055770633e-15
548,848,8.327855381747878e-08,2.220676830766187e-16,3.704394102790201e-16
549,849,8.5652403094079e-08,2.4394844709643196e-16,1.0702076754114177e-15
550,850,8.943835393723257e-08,2.3710307393296045e-16,2.586426385212009e-16
551,851,8.497455784164169e-08,2.3407056732587653e-16,7.506802217899228e-16
552,852,9.051452304492393e-08,2.3911169714072587e-16,-9.395184562257567e-16
553,853,9.018936478427077e-08,2.3851165132982745e-16,-2.89044776294687e-16
554,854,8.833778441897237e-08,2.533561514330618e-16,1.40573253635997e-15
555,855,9.044522666365292e-08,2.542282042728031e-16,1.3599715099923248e-15
556,856,8.994515274102835e-08,2.707646341037924e-16,2.8318247079702324e-15
557,857,8.952600081895e-08,2.536523300359499e-16,-8.835042595849866e-17
558,858,8.935483558734593e-08,2.6898276798882573e-16,7.206027073309203e-16
559,859,8.718316747621736e-08,2.411619632728884e-16,3.3049623904795347e-15
560,860,9.070357204651492e-08,2.5892881208922703e-16,1.6090269641870678e-15
561,861,8.988093125148093e-08,2.3457682021807837e-16,1.7291739840734203e-15
562,862,9.005356935776635e-08,2.3643565912977593e-16,3.67186275901757e-15
563,863,8.966032869128591e-08,2.358123671878525e-16,-7.071617600824469e-16
564,864,9.240256315525097e-08,2.3824700908883274e-16,8.718252961662155e-16
565,865,9.441607992472294e-08,2.667344534490928e-16,-2.924273389928928e-16
566,866,9.228328954567266e-08,2.433602866128017e-16,1.0724878025502818e-15
567,867,9.130370242924001e-08,2.4970566409112723e-16,1.8241359282690164e-15
568,868,8.756831436666356e-08,2.3551276519447975e-16,2.2262525041456784e-15
569,869,9.154725313895295e-08,2.519818451641288e-16,-7.35507501444328e-17
570,870,8.869868023172635e-08,2.432600329386233e-16,-1.5072804733023737e-16
571,871,8.842804926653405e-08,2.3490894799089216e-16,5.676094323229928e-16
572,872,9.631629704994393e-08,2.6090434731970876e-16,-7.085982907141801e-17
573,873,8.87912698862439e-08,2.2605954879127473e-16,-2.687100763480238e-16
574,874,8.308358084627811e-08,2.0676140253473996e-16,5.120301441440788e-16
575,875,8.48060745667964e-08,2.1991922736341702e-16,1.322787343274219e-15
576,876,8.034676795513958e-08,2.038281331643182e-16,8.178227545055813e-16
577,877,8.34275043258737e-08,2.1545592540589046e-16,2.6533640332228144e-16
578,878,8.379832192084391e-08,2.1673722036744414e-16,1.463789506302601e-15
579,879,8.58830481894181e-08,2.1204239260855035e-16,2.5087236417389854e-16
580,880,8.519529018491457e-08,2.1192827528433078e-16,7.413361952177313e-16
581,881,8.413075833225202e-08,2.1512167358446937e-16,6.531106931723509e-16
582,882,8.346873798479288e-08,2.1395966916650085e-16,7.553343732280409e-17
583,883,8.705298469867603e-08,2.364425363206166e-16,-1.7274286145675273e-15
584,884,8.399858356631893e-08,2.2050174187804837e-16,1.0104956679031797e-15
585,885,8.600937467492266e-08,2.1122015434028616e-16,-3.3263373118138494e-16
586,886,8.341480634101674e-08,2.0845220137455094e-16,1.7274062369397302e-15
587,887,8.608183403521671e-08,1.9945300859270603e-16,4.612326934417523e-16
588,888,8.289334476471596e-08,2.1189621143881203e-16,-3.8771299658824235e-16
589,889,8.989756229599525e-08,2.2999227143885626e-16,-9.7475055076819e-16
590,890,8.430603871719666e-08,2.0840230176773077e-16,-5.01851236917347e-16
591,891,8.971795189481003e-08,2.277830359181851e-16,1.8992517330696605e-15
592,892,8.611788592174063e-08,2.228595623386303e-16,8.9552568984977e-16
593,893,8.400888331565358e-08,2.1270560224558145e-16,1.814022129123853e-15
594,894,8.327762349903067e-08,2.0761690718082954e-16,-1.2372347147364667e-15
595,895,8.391686691225239e-08,2.22539198666605e-16,5.60207462120373e-16
596,896,7.932794333643144e-08,1.8708070109027164e-16,-7.917021579628733e-16
597,897,8.88455187518972e-08,2.1883703128803815e-16,2.1658343431930537e-15
598,898,7.973792359669896e-08,1.9329380950870072e-16,4.436652277199288e-17
599,899,8.424330921564075e-08,2.0561293505441157e-16,2.525535020609968e-15
600,900,8.359856897589657e-08,2.1318551125372874e-16,-4.916202250855458e-16
601,901,8.077881923575058e-08,2.0523747931225518e-16,1.4077484308992229e-15
602,902,8.678589442754976e-08,1.9932410188107808e-16,1.6113999436063495e-15
603,903,8.741379331990858e-08,2.0648647724628212e-16,3.129032370466105e-16
604,904,8.578465574141869e-08,2.087066136940691e-16,1.986354681841387e-16
605,905,8.334173668621157e-08,1.9742934118645662e-16,2.61362305420702e-16
606,906,8.058187855117118e-08,2.057680081506905e-16,1.2591346757691553e-15
607,907,7.972076756036974e-08,2.0271536382524408e-16,1.4771392966098798e-15
608,908,8.449634143688452e-08,2.1071644635997253e-16,1.492360811098236e-15
609,909,8.006049640899542e-08,1.9200687359058113e-16,3.129786420987882e-16
610,910,8.299323219946461e-08,2.090117238952048e-16,1.816836377809684e-15
611,911,7.942662876525857e-08,1.8923597393554083e-16,1.312868670310011e-15
612,912,7.727259146185688e-08,1.8838273045473248e-16,2.350587690113176e-16
613,913,7.806196460433101e-08,1.8346795424131152e-16,8.597974295152987e-16
614,914,8.376923053045961e-08,1.984995682260949e-16,5.39367760614235e-16
615,915,8.214270897518769e-08,1.9795197747471973e-16,1.3652694789509417e-15
616,916,8.315320733942827e-08,1.8878776299807555e-16,1.9971802150561e-15
617,917,8.425170259469468e-08,2.053602614054226e-16,2.2996388905619906e-16
618,918,8.743347146423017e-08,2.031269322416401e-16,3.6920217993418974e-16
619,919,8.065794682865172e-08,2.0369793482805858e-16,-5.200487845713503e-16
620,920,8.655659861416159e-08,2.1531815255372414e-16,-7.52991538695119e-17
621,921,7.813852901513573e-08,1.857613946545149e-16,1.9852708762355686e-15
622,922,8.2118002327194e-08,1.957921747424078e-16,-3.000704869658031e-16
623,923,7.957906974679588e-08,1.9562792865615618e-16,1.687223132871511e-15
624,924,7.766016683725652e-08,1.8857144690985502e-16,-4.707493333098039e-16
625,925,7.680626327229812e-08,1.7352023381720325e-16,6.814539984996225e-16
626,926,7.344716967264097e-08,1.7069219211272103e-16,1.1086755792678972e-15
627,927,7.144307880584232e-08,1.6762236927418626e-16,5.157652359947147e-16
628,928,7.521037534225267e-08,1.7314854700923009e-16,1.1143194631381175e-15
629,929,7.659064177727732e-08,1.7228685226404602e-16,1.157109078807288e-15
630,930,7.905345822198458e-08,1.7983781812239538e-16,4.705127592897692e-16
631,931,7.953185503453199e-08,1.796262288519493e-16,7.103918737376572e-17
632,932,7.98570027821057e-08,1.8006530919404595e-16,1.6904864174706952e-15
633,933,7.326921143702385e-08,1.7150820274887763e-16,9.823950529591323e-16
634,934,7.733083559123845e-08,1.8428370972498944e-16,7.100776216413904e-16
635,935,7.720335205602744e-08,1.7810642372903832e-16,-2.6886923786916364e-16
636,936,7.495501997972263e-08,1.6221128706457315e-16,-3.230260724786415e-17
637,937,8.343356998789538e-08,1.9298137285352053e-16,5.649392905248273e-18
638,938,7.939599851031538e-08,1.723605270624035e-16,-7.243391530157543e-17
639,939,7.675889308471473e-08,1.6892942685504078e-16,-5.104093458802112e-16
640,940,7.982525814811939e-08,1.7317350263731053e-16,-1.8317617447211445e-16
641,941,7.932386132718309e-08,1.7811372107325672e-16,3.575950736448913e-16
642,942,7.851073114061403e-08,1.8106342720129772e-16,4.55800164016562e-16
643,943,8.144072615200553e-08,1.7374859553722167e-16,4.74871258702712e-16
644,944,7.832314091048728e-08,1.6344898160663887e-16,1.5263635714030185e-15
645,945,7.702808120931728e-08,1.713908131796759e-16,2.0814333908202293e-15
646,946,7.659731764642898e-08,1.649998980058851e-16,5.118106428356183e-16
647,947,7.731441261049751e-08,1.7088499908861725e-16,6.508443122226521e-16
648,948,8.419387265700513e-08,1.785702333544622e-16,-5.555092961151414e-16
649,949,8.049113922136206e-08,1.767583824237986e-16,-1.7519552237604252e-16
650,950,7.797445503756679e-08,1.730025633849167e-16,2.09649876704789e-16
651,951,8.047702485898374e-08,1.8412669883932183e-16,6.099236803854586e-16
652,952,7.374644459895742e-08,1.6311992215923772e-16,1.5052910836444714e-15
653,953,8.069992042764199e-08,1.8646981844380897e-16,9.489754873718648e-16
654,954,7.204378212016448e-08,1.6004075031076098e-16,7.724893433164659e-16
655,955,7.957623481006201e-08,1.7067991786550601e-16,2.8591321650415783e-16
656,956,8.022489217249508e-08,1.700472725699606e-16,-1.9969664776493428e-16
657,957,7.640287510716596e-08,1.654387538628252e-16,7.634185219498255e-16
658,958,7.664764130546686e-08,1.7111063984771412e-16,7.646064810289924e-16
659,959,7.625159011939666e-08,1.5844601317721881e-16,-1.0253221094902632e-15
660,960,7.668903461188777e-08,1.676445264927917e-16,1.3617264795921686e-16
661,961,7.453609464674824e-08,1.589629010191799e-16,8.420117818915988e-16
662,962,7.585475049750514e-08,1.649276695456895e-16,2.6440451317433935e-16
663,963,7.022001841025783e-08,1.4656611882609398e-16,-7.103474510973802e-16
664,964,8.135720526379554e-08,1.833271550541698e-16,2.275762304896946e-15
665,965,7.676565272045837e-08,1.633525904895824e-16,-9.90773105076621e-16
666,966,7.353591566807855e-08,1.4763209065842693e-16,-2.544731813051034e-17
667,967,7.755884761874474e-08,1.6448450879381475e-16,-8.330263243684018e-16
668,968,7.852343236965825e-08,1.57933479467277e-16,2.580480871376554e-16
669,969,7.607852854481385e-08,1.5967321422695652e-16,6.707684678729306e-18
670,970,7.761561186841701e-08,1.5590344111989943e-16,3.5444442056967284e-16
671,971,7.866241058410833e-08,1.6711883168256846e-16,9.625342595895477e-16
672,972,7.79282163559123e-08,1.5432594054541264e-16,-7.876147572818821e-16
673,973,7.489038123312535e-08,1.436743237072851e-16,-4.2756260081508024e-16
674,974,7.17366830038489e-08,1.515053021704674e-16,-1.4431060313254232e-15
675,975,7.78604891330443e-08,1.5218985031118254e-16,-5.4709268673048e-16
676,976,7.647429596191436e-08,1.6324116322697228e-16,1.4037419265428956e-15
677,977,8.027243489185017e-08,1.585083893394497e-16,-8.937254138891051e-17
678,978,7.95064437958384e-08,1.6032096975639742e-16,2.0741974315108805e-16
679,979,7.715814294926168e-08,1.5078763568072897e-16,-3.676526039491794e-17
680,980,7.673209076571675e-08,1.596354902120789e-16,-1.2132215118230145e-15
681,981,7.631310005063429e-08,1.5078387319093645e-16,3.996565352089534e-17
682,982,7.73748324767214e-08,1.5253061705789917e-16,1.4119228148959159e-15
683,983,7.77143976150828e-08,1.635876661093453e-16,-6.530745419530708e-16
684,984,7.726926904137707e-08,1.5641272158533542e-16,6.313882878131737e-16
685,985,8.187353222264963e-08,1.6286595810002406e-16,-6.770673806214116e-16
686,986,7.508878048343758e-08,1.567444717874192e-16,-6.97292720375188e-16
687,987,7.906424981711825e-08,1.5889548828437096e-16,4.2235868194921703e-16
688,988,7.438909149546628e-08,1.5216847715924332e-16,4.638290100699544e-16
689,989,7.234964321068147e-08,1.5356888837028752e-16,-3.26691214988119e-16
690,990,7.691183503353148e-08,1.6142165945711703e-16,-3.232737628755209e-16
691,991,7.239076838025917e-08,1.4530157214784828e-16,1.2563707500750296e-15
692,992,6.537533519710901e-08,1.2508508864660933e-16,-2.671804219271506e-16
693,993,7.117956779067235e-08,1.405334423138354e-16,2.0920432502900406e-16
694,994,7.105775647939712e-08,1.5755181382828713e-16,-9.99867573186999e-16
695,995,6.986817500910812e-08,1.4481343645402408e-16,-1.0061254108261895e-15
696,996,7.034762902729068e-08,1.448206013869551e-16,-4.0690229735657596e-16
697,997,7.350233868516847e-08,1.4202228351333053e-16,8.549721766603887e-16
698,998,7.303240554813203e-08,1.4188083113941403e-16,-1.3355405879555373e-15
699,999,7.333250608428103e-08,1.5468351427450466e-16,4.686261764832501e-16
,,,,